-- MySQL dump 10.13  Distrib 8.0.31, for Win64 (x86_64)
--
-- Host: localhost    Database: webbookstore
-- ------------------------------------------------------
-- Server version	8.0.31

/*!40101 SET @OLD_CHARACTER_SET_CLIENT=@@CHARACTER_SET_CLIENT */;
/*!40101 SET @OLD_CHARACTER_SET_RESULTS=@@CHARACTER_SET_RESULTS */;
/*!40101 SET @OLD_COLLATION_CONNECTION=@@COLLATION_CONNECTION */;
/*!50503 SET NAMES utf8 */;
/*!40103 SET @OLD_TIME_ZONE=@@TIME_ZONE */;
/*!40103 SET TIME_ZONE='+00:00' */;
/*!40014 SET @OLD_UNIQUE_CHECKS=@@UNIQUE_CHECKS, UNIQUE_CHECKS=0 */;
/*!40014 SET @OLD_FOREIGN_KEY_CHECKS=@@FOREIGN_KEY_CHECKS, FOREIGN_KEY_CHECKS=0 */;
/*!40101 SET @OLD_SQL_MODE=@@SQL_MODE, SQL_MODE='NO_AUTO_VALUE_ON_ZERO' */;
/*!40111 SET @OLD_SQL_NOTES=@@SQL_NOTES, SQL_NOTES=0 */;

--
-- Table structure for table `account`
--

DROP TABLE IF EXISTS `account`;
/*!40101 SET @saved_cs_client     = @@character_set_client */;
/*!50503 SET character_set_client = utf8mb4 */;
CREATE TABLE `account` (
  `id` int NOT NULL AUTO_INCREMENT,
  `first_name` varchar(255) DEFAULT NULL,
  `last_name` varchar(255) DEFAULT NULL,
  `username` varchar(255) NOT NULL,
  `password` varchar(255) NOT NULL,
  `gender` varchar(255) DEFAULT NULL,
  `img` char(255) DEFAULT NULL,
  `date_of_birth` date DEFAULT NULL,
  `address` varchar(255) NOT NULL,
  `phone_number` varchar(255) NOT NULL,
  `email` char(255) NOT NULL,
  `account_type` int NOT NULL,
  `status` int NOT NULL,
  PRIMARY KEY (`id`)
) ENGINE=InnoDB AUTO_INCREMENT=11 DEFAULT CHARSET=utf8mb4 COLLATE=utf8mb4_0900_ai_ci;
/*!40101 SET character_set_client = @saved_cs_client */;

--
-- Dumping data for table `account`
--

LOCK TABLES `account` WRITE;
/*!40000 ALTER TABLE `account` DISABLE KEYS */;
INSERT INTO `account` VALUES (1,'Minh','Phạm','phamthiminh','$2a$10$lUfNHigfLAxtdO5TeYKf1ezzqdTquqtIL/HkdyD4LU0wlixIfpAZG','Nữ','','2002-03-03','Vũng Tàu','0388394909','minh09@gmail.com',0,1),(2,'Mai','Lâm','lamngocmai','$2a$10$ecLWKUctvRxMJoZLWHiwyuH8tGP7LFTrNEDoTiNsvkJOsAOZJh6eG','Nữ','','2002-04-13','Trà Vinh','057399379','mai79@gmail.com',0,1),(3,'A','Nguyễn','nguyenvana','$2a$10$2e.U.VeBZI9AI9M4HLpHeevfHaBn5fLHBILe6TIpTAORGKV/fa9wq','Nam','','2002-06-10','TP.HCM','0388156408','a08@gmail.com',1,1),(4,'Sang','Nguyễn','nguyenvansang','$2a$10$EOAYipGx4YVsEPCzLxXgFu/rlFA5R93lp6DPwjssLj.OGFYRKENHm','Nam','','2002-09-10','An Giang','0288199567','sang67@gmail.com',1,0),(5,'Hạ','Trần','tranthiha','$2a$10$fbmKZXKvk4APdj4p6becc.RHSG1bIKpjsNyQl6ml.OEx3.zfWqGL.','Nữ','','2003-10-10','Bến Tre','0788467389','ha89@gmail.com',1,1),(6,'Tươi','Trần','tranvantuoi','$2a$10$i30yFjhiZywZbfshpgiIA.MoDHert9OvSD7ZKXcqTvDO28AxZFh2y','Nam','','2000-02-07','Quảng Ngãi','0977767587','tuoi87@gmail.com',1,1),(7,'Hoa','Phan','phanthihoa','$2a$10$4cU9CFgSw1.pbTB/GbODUuzlGQLOGB2/O58Yyi1nygMEzWXDdNyEW','Nữ','','1999-09-09','Bắc Ninh','0578695748','hoa48@gmail.com',1,1),(8,'Anh','Nguyễn','nguyendieuanh','$2a$10$V0nioZSN5WopWcXyxAta3uTHB2v/ehixJ3GQV.4c35jfiYl733lKW','Nữ','','1998-02-11','Bắc Kạn','0478399293','anh93@gmail.com',1,1),(9,'Bích','Lê','lengocbich','$2a$10$cVxqCvC9fVqEfGd8jkFwXOPj0rcCMDLrxCMfcWmf/aVMHFgWXq75u','Nữ','','1999-03-12','Lâm Đồng','0747749829','bich29@gmail.com',1,1),(10,'Dung','Đỗ','domydung','$2a$10$vwwuS0KBK4qdqZkBAzp8zuFrnedxMcInQPaHTRD.bYLQ7VeQxm1dq','Nữ','','2002-08-04','Long An','0747483974','dung74@gmail.com',1,1);
/*!40000 ALTER TABLE `account` ENABLE KEYS */;
UNLOCK TABLES;

--
-- Table structure for table `author`
--

DROP TABLE IF EXISTS `author`;
/*!40101 SET @saved_cs_client     = @@character_set_client */;
/*!50503 SET character_set_client = utf8mb4 */;
CREATE TABLE `author` (
  `id` int NOT NULL AUTO_INCREMENT,
  `name` varchar(255) NOT NULL,
  `bio` text,
  PRIMARY KEY (`id`)
) ENGINE=InnoDB AUTO_INCREMENT=71 DEFAULT CHARSET=utf8mb4 COLLATE=utf8mb4_0900_ai_ci;
/*!40101 SET character_set_client = @saved_cs_client */;

--
-- Dumping data for table `author`
--

LOCK TABLES `author` WRITE;
/*!40000 ALTER TABLE `author` DISABLE KEYS */;
INSERT INTO `author` VALUES (1,'Quốc Hội',''),(2,'LS Trương Thanh Đức',''),(3,'Khánh Linh',''),(4,'Joseph Murphy',''),(5,'Aristotle',''),(6,'Trần Nhựt Tân',''),(7,'Lê Thái Dũng',''),(8,'Ian Bremmer',''),(9,'Kate Andersen Brower',''),(10,'Trần Công Diêu',''),(11,'Phan Văn Trường',''),(12,'Andrea Hirata',''),(13,'Nguyễn Văn Ninh','Cập nhật sau'),(14,'Robert T Kiyosaki','Cập nhật sau'),(15,'John Fleming','Cập nhật sau'),(16,'Kim Kiyosaki','Cập nhật sau'),(17,'John Boyne','Cập nhật sau'),(18,'Franz Metcalf   BJ Gallagher','Cập nhật sau'),(19,'Jun Phạm','Cập nhật sau'),(20,'Ray Bradbury','Cập nhật sau'),(21,'Đào Thị Thanh Tuyền','Cập nhật sau'),(22,'Nguyễn Văn Tân','Cập nhật sau'),(23,'Haruki Murakami','Cập nhật sau'),(24,'Geronimo Stilton','Cập nhật sau'),(25,'Joseph Goldstein','Cập nhật sau'),(26,'macmart','Cập nhật sau'),(27,'Adam Grant','Cập nhật sau'),(28,'Nguyễn Thị Lanh','Cập nhật sau'),(29,'Phan Huy Khải','Cập nhật sau'),(30,'Patrick Gardiner','Cập nhật sau'),(31,'Hồ Chí Minh','Cập nhật sau'),(32,' Đỗ Ngọc Tiến','Cập nhật sau'),(33,'Reed Hastings','Cập nhật sau'),(34,'Erin Meyer','Cập nhật sau'),(35,'James Redfield','Cập nhật sau'),(36,'Ajahn Brahm','Cập nhật sau'),(37,'Thích Nhất Hạnh','Cập nhật sau'),(38,'Philippa Gregory','Cập nhật sau'),(39,'Đào Duy Anh','Cập nhật sau'),(40,'Will Durant','Cập nhật sau'),(41,' Lưu Văn Dầu','Cập nhật sau'),(42,'Nguyễn Văn Luyện','Cập nhật sau'),(43,'Yaniv Zaid','Cập nhật sau'),(44,'Trương Điện Thắng','Cập nhật sau'),(45,'Thích Hoằng Trí','Cập nhật sau'),(46,'Tấn Nguyễn Toàn','Cập nhật sau'),(47,'Jules Verne','Cập nhật sau'),(48,'Nguyễn Mai Chi','Cập nhật sau'),(49,'Giovanna Alessio','Cập nhật sau'),(50,'Chaaya Prab','Cập nhật sau'),(51,'Madeline Martin','Cập nhật sau'),(52,'Phạm Anh Xuân','Cập nhật sau'),(53,'Phan Việt','Cập nhật sau'),(54,'Roberto Bolaño','Cập nhật sau'),(55,'Frederic S Mishkin','Cập nhật sau'),(56,' | Xu | ','Cập nhật sau'),(57,'David R Hawkins','Cập nhật sau'),(58,'Peter Kavecký','Cập nhật sau'),(59,'Adrián Macho','Cập nhật sau'),(60,'Stephenie Meyer','Cập nhật sau'),(61,'Léopold Michel Cadière','Cập nhật sau'),(62,'Soren Kierkegaard','Cập nhật sau'),(63,'David Anderson','Cập nhật sau'),(64,'Dennis Sweney','Cập nhật sau'),(65,'Thomas Williams','Cập nhật sau'),(66,'Grazia Deledda','Cập nhật sau'),(67,'Soren Kierkegaard  ','Cập nhật sau'),(68,'Paul Rockett','Cập nhật sau'),(69,'Vương Hiểu Lỗi','Cập nhật sau'),(70,'Kristin Hannah','Cập nhật sau');
/*!40000 ALTER TABLE `author` ENABLE KEYS */;
UNLOCK TABLES;

--
-- Table structure for table `book`
--

DROP TABLE IF EXISTS `book`;
/*!40101 SET @saved_cs_client     = @@character_set_client */;
/*!50503 SET character_set_client = utf8mb4 */;
CREATE TABLE `book` (
  `id` int NOT NULL AUTO_INCREMENT,
  `name` varchar(255) NOT NULL,
  `cost_price` double NOT NULL,
  `sell_price` double NOT NULL,
  `category_id` int DEFAULT NULL,
  `publisher` varchar(255) NOT NULL,
  `description` text,
  `status` int NOT NULL,
  `detail` text,
  `quantity` int NOT NULL,
  PRIMARY KEY (`id`),
  KEY `category_id` (`category_id`),
  CONSTRAINT `book_ibfk_1` FOREIGN KEY (`category_id`) REFERENCES `category` (`id`)
) ENGINE=InnoDB AUTO_INCREMENT=64 DEFAULT CHARSET=utf8mb4 COLLATE=utf8mb4_0900_ai_ci;
/*!40101 SET character_set_client = @saved_cs_client */;

--
-- Dumping data for table `book`
--

LOCK TABLES `book` WRITE;
/*!40000 ALTER TABLE `book` DISABLE KEYS */;
INSERT INTO `book` VALUES (1,'Luật Sở Hữu Trí Tuệ (Hiện Hành) (Sửa Đổi, Bổ Sung Năm 2009, 2022)',70000,78000,1,'NXB Chính Trị Quốc Gia','\"Luật Sở Hữu Trí Tuệ\"\nNội dung cuốn sách là văn bản Luật Đấu thầu năm 2013 được nhất thể hóa với Luật sửa đổi, bổ sung Điều 6 và Phụ lục 4 về Danh mục ngành, nghề đầu tư kinh doanh có điều kiện của Luật đầu tư; Luật hỗ trợ doanh nghiệp nhỏ và vừa năm 2017; Luật kiến trúc năm 2019 và Luật đầu tư theo phương thức đối tác công tư năm 2020, giúp bạn đọc thuận tiện tra cứu, tham khảo.',1,'Tên Nhà Cung Cấp:	NXB Chính Trị Quốc Gia\nTác giả:	Quốc Hội\nNXB:	Chính Trị Quốc Gia Sự Thật\nNăm XB:	2022\nNgôn Ngữ:	Tiếng Việt\nTrọng lượng (gr):	220\nKích Thước Bao Bì:	19 x 13 x 1 cm\nSố trang:	275\nHình thức:	Bìa Mềm',100),(2,'Luật Doanh Nghiệp (Hiện Hành) (Sửa Đổi, Bổ Sung Năm 2022)',120000,122000,1,'NXB Chính Trị Quốc Gia','\"Luật Doanh Nghiệp\"\nLuật Doanh nghiệp (hiện hành) (sửa đổi, bổ sung năm 2022) gồm 10 chương, 218 điều, quy định về thành lập, tổ chức quản lý, tổ chức lại, giải thể và hoạt động có liên quan của doanh nghiệp, bao gồm công ty trách nhiệm hữu hạn, công ty cổ phần, công ty hợp danh và doanh nghiệp tư nhân; quy định về nhóm công ty. Luật Doanh nghiệp được Quốc hội khóa XIV kỳ họp thứ 9 thông qua ngày 17/6/2020, thay thế cho Luật Doanh nghiệp năm 2014.\nNgày 11/1/2022, tại kỳ họp bất thường lần thứ nhất, Quốc hội khóa XV đã thông qua Luật sửa đổi, bổ sung một số điều của Luật Đầu tư công, Luật Đầu tư theo phương thức đối tác công tư, Luật Đầu tư, Luật Nhà ở, Luật Đấu thầu, Luật Điện lực, Luật Doanh nghiệp, Luật Thuế tiêu thụ đặc biệt và Luật Thi hành án dân sự, trong đó có nội dung sửa đổi, bổ sung một số điều của Luật Doanh nghiệp năm 2020.\nCuốn sách Luật Doanh nghiệp (hiện hành) (sửa đổi, bổ sung năm 2022) là văn bản Luật hợp nhất của Luật Doanh nghiệp năm 2020 và các nội dung của lần sửa đổi năm 2022, tạo thành một văn bản Luật Doanh nghiệp thống nhất, hiện hành và mới nhất, thuận tiện trong sử dụng, tra cứu và học tập.',1,'Tên Nhà Cung Cấp:	NXB Chính Trị Quốc Gia\nTác giả:	Quốc Hội\nNXB:	Chính Trị Quốc Gia Sự Thật\nNăm XB:	2023\nTrọng lượng (gr):	237\nKích Thước Bao Bì:	19 x 13 x 1.2 cm\nSố trang:	295\nHình thức:	Bìa Mềm',100),(3,'Kinh Doanh Sành Luật (Ứng Dụng Luật Doanh Nghiệp Năm 2020, Sửa Đổi, Bổ Sung Năm 2022 Và Quy Định Liên Quan)',190000,195000,1,'NXB Chính Trị Quốc Gia','\"Kinh Doanh Sành Luật \"\nTrong bối cảnh xã hội hiện nay, xu hướng toàn cầu hóa, hội nhập quốc tế, cuộc Cách mạng công nghiệp lần thứ 4 và đặc biệt là dịch bệnh Covid-19 đã tác động nhiều chiều đến nền kinh tế Việt Nam cũng như hoạt động kinh doanh của các công ty. Để tận dụng lợi thế cũng như hạn chế các rủi ro trong hoạt động sản xuất - kinh doanh thì những người lãnh đạo, quản lý công ty, các luật sư tư vấn cần phải đưa ra các giải pháp pháp lý chính xác, kịp thời. Muốn vậy, chỉ hiểu biết pháp luật thôi thì chưa đủ, những người lãnh đạo, quản lý công ty, các luật sư tư vấn còn cần phải nắm vững và làm chủ được hoàn cảnh bằng cách vận dụng linh hoạt các quy định của pháp luật, phải trở thành những chuyên gia, những người “sành sỏi”, hiểu biết pháp luật nhằm đem lại hiệu quả cao nhất trong hoạt động kinh doanh. Xuất phát từ lý do này, Luật sư Trương Thanh Đức đã dành tâm huyết nghiên cứu và biên soạn cuốn sách Kinh doanh sành luật (Ứng dụng Luật Doanh nghiệp năm 2020 và quy định liên quan).\nCuốn sách được tác giả biên soạn dựa trên cơ sở kế thừa nội dung cuốn sách Luận giải về Luật Doanh nghiệp hiện hành (36 kế sách pháp lý của doanh nghiệp). Nội dung cuốn sách tổng hợp luận những điều khoản quan trọng của Luật Doanh nghiệp - 2020 cũng như các quy định liên quan giúp người đọc hệ thống hóa, nắm bắt được một cách toàn diện và khoa học các quy định pháp luật liên quan đến các vấn đề, vướng mắc thường gặp trong hoạt động đầu tư, kinh doanh. Đặc biệt, người đọc sẽ tìm thấy ở cuốn sách những điểm cần lưu ý và những giải pháp mang tính gợi mở cho các vấn đề cụ thể từng xảy ra trong thực tiễn. Bên cạnh đó, bằng việc so sánh giữa các quy định pháp luật qua các lần sửa đổi, bổ sung, người đọc sẽ có được cái nhìn hệ thống về tiến trình thay đổi, phát triển của Luật Doanh nghiệp nói riêng, pháp luật Việt Nam nói chung',1,'Tên Nhà Cung Cấp:	NXB Chính Trị Quốc Gia\nTác giả:	LS Trương Thanh Đức\nNXB:	Chính Trị Quốc Gia Sự Thật\nNăm XB:	2023\nTrọng lượng (gr):	540\nKích Thước Bao Bì:	24 x 16 x 2.6 cm\nSố trang:	524\nHình thức:	Bìa Mềm',100),(4,'Tủ Sách Bác Hồ - Trung Thu Cháu Nhớ Bác Hồ',40000,47000,1,'NXB Lao Động','\"Tủ Sách Bác Hồ - Trung Thu Cháu Nhớ Bác Hồ\"\nNằm trong \"Tủ Sách Bác Hồ\", Cuốn sách “Trung Thu Cháu Nhớ Bác Hồ”, là một tác phẩm viết về Bác Hồ và những câu chuyện của Bác với các em thiếu nhi. Cuốn sách do Nhà sách Tân Việt và NXB Văn Học liên kết hợp tác phát hành. Sách được xuất bản lần đầu năm 2017 và đã được công chúng nồng nhiệt đón nhận. Cuốn sách đã trở nên thân thiết với các bạn đọc với nhiều lứa tuổi khác nhau, đặc biệt là các cháu thiếu niên.',1,'Tên Nhà Cung Cấp:	Tân Việt\nTác giả:	Khánh Linh\nNXB:	Lao Động\nNăm XB:	2022\nTrọng lượng (gr):	140\nKích Thước Bao Bì:	20.5 x 13.5 x 0.8 cm\nSố trang:	192\nHình thức:	Bìa Mềm',100),(5,'Luật Hấp Dẫn Và Sức Mạnh Tiềm Thức',130000,139000,1,'NXB Lao Động','\"Luật Hấp Dẫn Và Sức Mạnh Tiềm Thức\"\nNguồn gốc của phản ứng là tiềm thức và tư duy, và như luật hấp dẫn đã khẳng định một cách chắc chắn, chính tiềm thức và tư duy đang điều khiển cuộc sống của bạn.\nNgười giàu có và kẻ nghèo khổ, người thành công và kẻ thất bại, người sáng chói giữa vầng hào quang và kẻ thảm hại xám xịt ảm đạm, một thiên tài hay kẻ nằm ở dưới đáy… tất cả bọn họ đều chỉ khác nhau ở duy nhất một điểm. Đó là có người đã nhận ra, đồng thời ứng dụng rất tốt luật hấp dẫn trong cuộc sống của mình, một số khác thì không.\nTrong cuốn sách này, tác giả sẽ đưa ra cho bạn những lời khuyên thực tế và hữu ích về:\nCách cư xử, ứng xử và giao tiếp với mọi người để giúp bạn sử dụng nhuần nhuyễn luật hấp dẫn, nâng cao sức mạnh của tiềm thức.\nPhương pháp khơi nguồn và tận dụng mọi khả năng của mình, để ngày càng trở nên giàu có hơn và đạt được thành công trong cuộc sống.\nNếu như bạn muốn hiểu về luật hấp dẫn, muốn biết cách dựa vào nó để tìm thấy cảm hứng, niềm vui và nguồn năng lượng tích cực, chắc chắn Ứng dụng luật hấp dẫn là một sự lựa chọn sáng suốt dành cho bạn.',1,'Tên Nhà Cung Cấp:	1980 Books\nTác giả:	Joseph Murphy\nNgười Dịch:	Dương Bùi\nNXB:	Lao Động\nNăm XB:	2023\nNgôn Ngữ:	Tiếng Việt\nTrọng lượng (gr):	200\nKích Thước Bao Bì:	19 x 13 x 0.9 cm\nSố trang:	180\nHình thức:	Bìa Mềm',100),(6,'Chính Trị Luận (Tái Bản 2023)',180000,189000,1,'NXB Thế Giới','\"Chính Trị Luận\"\nTác phẩm nổi tiếng viết về các khái niệm mà từ đó định hình các quốc gia và chính phủ. Mặc dù, Aristotle cổ vũ mạnh mẽ cho chế độ nô lệ lạc hậu, quan điểm của ông về Hiến pháp và cách điều hành chính phủ lại rất kinh điển. Dù chỉ thảo luận về nhà nước và các định chế thời Hy Lạp cổ nhưng tác phẩm này của ông đã đặt nền tảng cho khoa học chính trị hiện đại.\nTác phẩm này được xem là căn bản cho Chính trị học Tây phương. Chính trị luận nghiên cứu các vấn đề cơ bản về nhà nước, chính quyền, chính trị, tự do, công bằng, tài sản, quyền, luật và việc thực thi luật pháp của các cơ quan thẩm quyền.\nAristotle là biểu tượng của trí tuệ tư duy triết học. Mặc dù nội dung rất sâu sắc nhưng cách trình bày của ông lại rất dễ hiểu. Ông viết những suy nghĩ của mình một cách rõ ràng với độ chính xác siêu phàm. Học thuyết của ông có ảnh hưởng lớn đến những lĩnh vực hiện đại như : khoa học, chủ nghĩa duy thực và logic học\nTheo Aristotle, là một người tốt không thôi chưa đủ. Nếu người dân tốt mà không tích cực tham gia vào đời sống chính trị của chế độ thì chế độ đó có cơ nguy trở thành thoái hóa và trở thành một chế độ xấu. – Dịch giả Nông Duy Trường',1,'Tên Nhà Cung Cấp:	Alpha Books\nTác giả:	Aristotle\nNgười Dịch:	Nông Duy Trường\nNXB:	Thế Giới\nNăm XB:	2023\nNgôn Ngữ:	Tiếng Việt\nTrọng lượng (gr):	474\nKích Thước Bao Bì:	20.5 x 14 x 2 cm\nSố trang:	438\nHình thức:	Bìa Mềm',100),(7,'Nghệ Thuật Suy Tưởng - Luận Lí Học Tổng Quát Và Phương Pháp Luận',90000,98000,1,'NXB Hồng Đức','\"Nghệ Thuật Suy Tưởng - Luận Lí Học Tổng Quát Và Phương Pháp Luận\"\nCon người sống là hành động: hành động để thỏa mãn nhu cầu thực tiễn hay để thỏa mãn lòng hiếu tri. Với khả năng giới hạn, khi hành động, họ lại thường gặp thất bại, hiểu biết lại thường sai lầm. Sau nhiều lần “thử” và “lầm” mà trí tuệ thức tỉnh, vẫn tra hỏi, vẫn tìm hiểu những tương quan khách quan: đó là lúc khoa học thực sự hình thành.\nNGHỆ THUẬT SUY TƯỞNG tóm lược nhiều học thuyết triết học về các nguyên tắc, quy luật hướng dẫn cho việc suy tưởng đúng, nhất là luận lí học và nhận thức luận. Qua những phần được trình bày rất rõ ràng và dễ hiểu, tác giả đã thành công đưa những tri thức triết học và logic học khô khan, khó hiểu thành một đường dây xuyên suốt giúp người đọc dễ nắm bắt và trau dồi được nghệ thuật suy tưởng.',1,'Tên Nhà Cung Cấp:	Cty Văn Hóa Văn Lang\nTác giả:	Trần Nhựt Tân\nNXB:	Hồng Đức\nNăm XB:	2022\nTrọng lượng (gr):	249\nKích Thước Bao Bì:	21 x 13.5 x 0.9 cm\nSố trang:	231\nHình thức:	Bìa Mềm',100),(8,'Chủ Quyền Biển Đảo Việt Nam Xưa Và Nay',70000,72000,1,'NXB Hồng Đức','\"Chủ Quyền Biển Đảo Việt Nam Xưa Và Nay\"\nQuyển sách \"Chủ quyền biển đảo Việt Nam xưa và nay\" của tác giả Lê Thái Dũng được xuất bản bởi nhà xuất bản Hồng Đức vào năm 2020, gồm 216 trang, khổ 21cm. Sách tập hợp nhiều bài viết khác nhau, được trình bày theo lối lịch sử sắp xếp logic theo từng giai đoạn. Sách là một tài liệu quý khi đã khái quát và đưa ra được một số bằng chứng pháp lý từ thời phong kiến Việt Nam đã thực thi chủ quyền trên hai quần đảo Hoàng Sa và Trường Sa. Tác giả còn miêu tả rất cụ thể lực lượng thuỷ quân của Việt Nam trải qua từng thời kỳ, có những thăng tầm biến đổi lúc thịnh, lúc suy nhưng vẫn đảm bảo thực thi chủ quyền của mình. Sách “Chủ quyền biển đảo Việt Nam xưa và nay” chứa đựng nhiều kiến thức bổ ích và quý bảo về biển đảo Việt Nam, được tác giả viết rất dễ hiểu không nhàm chán, khô khan, ngược lại rất hay và giàu tính văn học nghệ thuật. Sách đang có tại Thư viện Nguyễn Đình Chiểu tỉnh Bến Tre.',1,'Tên Nhà Cung Cấp:	CÔNG TY CỔ PHẦN SÁCH TRÍ THỨC VIỆT\nTác giả:	Lê Thái Dũng\nNXB:	NXB Hồng Đức\nNăm XB:	2020\nTrọng lượng (gr):	220\nKích Thước Bao Bì:	20.5 x 13 cm\nSố trang:	215\nHình thức:	Bìa Mềm',100),(9,'Siêu Cường - Ba Lựa Chọn Về Vai Trò Của Hoa Kỳ Đối Với Thế Giới',135000,140000,1,'NXB Trẻ','\"Siêu Cường - Ba Lựa Chọn Về Vai Trò Của Hoa Kỳ Đối Với Thế Giới\"\nTrong tương lai gần, Hoa Kỳ vẫn sẽ là siêu cường duy nhất trên thế giới. Nhưng đó là kiểu siêu cường như thế nào? Hoa Kỳ sẽ đóng vai trò gì trên thế giới? Và bạn muốn Hoa Kỳ đóng vai trò gì?\nTrong tác phẩm Siêu cường, Ian Bremmer lập luận rằng chính sách đối ngoại thiếu định hướng của Washington vừa tốn kém lại nguy hiểm. Kể từ khi kết thúc chiến tranh lạnh, Mỹ đã sẩy chân trong nhiều cuộc khủng hoảng ở Afghanistan, Iraq, Iran, Libya, Syria và Ukraine mà không có chiến lược rõ ràng. Bremmer khuyến khích chúng ta nghĩ kĩ hơn về vai trò mà nước Mỹ nên đảm nhiệm và cách sử dụng địa vị siêu cường, với ba lựa chọn khác biệt:\nNước Mỹ độc lập: Nước Mỹ không nên nhận trách nhiệm giải quyết vấn đề của dân tộc khác mà nên lãnh đạo bằng cách nêu gương.\nNước Mỹ thực dụng: Nước Mỹ không thể giải quyết mọi thách thức quốc tế nhưng nước Mỹ có thể và nên tập trung vào các cơ hội và bảo vệ lợi ích của mình khi chúng bị đe dọa.\nNước Mỹ thiết yếu: Sự ổn định toàn cầu đang ngày càng phụ thuộc vào những giá trị mà chỉ có nước Mỹ mới bảo vệ được. Người Mỹ không bao giờ có thể sống trong hòa bình nếu các dân tộc khác bị từ chối các quyền tự do cơ bản nhất.\nCó nhiều lập luận vững chắc để ủng hộ và phản đối mỗi lựa chọn, nhưng nước Mỹ cần đưa ra lựa chọn của mình.\nSách cũng giúp độc giả hiểu thêm về đường hướng của tổng thống Donald Trump trong chính sách ngoại giao và điều phối kinh tế của nước Mỹ hiện nay.',1,'Tên Nhà Cung Cấp:	NXB Trẻ\nTác giả:	Ian Bremmer\nNgười Dịch:	Phạm Trang Nhung\nNXB:	NXB Trẻ\nNăm XB:	2019\nTrọng lượng (gr):	360\nKích Thước Bao Bì:	13 x 20.5\nSố trang:	350\nHình thức:	Bìa Mềm',100),(10,'Nhà Trắng - Những Chuyện Chưa Kể',120000,125000,1,'NXB Trẻ','\"Nhà Trắng - Những Chuyện Chưa Kể\"\nCuốn cuốn sách về cuộc sống công tư của các gia đình tổng thống Mỹ, từ gia đình Kennedy, Clinton, đến gia đình Obama. Sách được viết dựa trên hàng trăm tiếng đồng hồ phỏng vấn các nhân viên phục vụ, hầu phòng, bếp trưởng, thợ cắm hoa, gác cửa và các nhân viên khác trong Nhà Trắng. Qua giọng kể của chính các nhân viên làm việc trong tư dinh tổng thống, sách mang đến cho người đọc cái nhìn sâu sắc về cuộc sống hàng ngày và những thách thức mà các gia đình tổng thống Mỹ phải đối mặt. Từ những khoảnh khắc thân mật trong cuộc sống hôn nhân của gia đình Kennedy, vụ lùm xùm xoay quanh Bill và Hillary Clinton, cho đến sự hiện diện lịch sử mang tính đột phá của Barack và Michelle Obama trong Nhà Trắng. Cuốn sách này không chỉ mang lại kiến thức về lịch sử Mỹ mà còn giúp người đọc hiểu rõ hơn về cuộc sống thực sự bên trong Nhà Trắng.\n•    Vợ chồng Tổng thống Kennedy – từ khoảnh khắc thân mật gần gũi trong đời sống hôn nhân của họ đến quãng thời gian hỗn loạn sau ngày Tổng thống Kennedy bị ám sát.\n•    Vợ chồng Tổng thống Johnson – nêu bật câu chuyện kỳ quái về nỗi ám ảnh của Tổng thống Johnson với hệ thống vòi sen trong Nhà Trắng.\n•    Vợ chồng Tổng thống Nixon – kể cả sự xuất hiện bất ngờ của ông Richard Nixon trong căn bếp Nhà Trắng buổi sáng ngày ông từ chức.\n•    Vợ chồng Tổng thống Reagan – từ đám cháy gây nguy hiểm cho ông Ronald Reagan ở cuối nhiệm kỳ hai của ông đến việc bà Nancy kiểm soát mọi chi tiết từ lớn đến bé trong Nhà Trắng.\n•    Vợ chồng Tổng thống Clinton – cặp vợ chồng khiến các gia nhân đứng ngồi không yên với những trận cãi vã ác liệt cùng những màn chén bay đĩa bay của họ.\n•    Vợ chồng Tổng thống Obama – cặp vợ chồng cùng khiêu vũ theo một bài hát của nữ ca sĩ da đen Mary J. Blige trong đêm đầu tiên dọn vào Nhà Trắng.',1,'Tác giả:	Kate Andersen Brower_ Kim Anh dịch\nNgười Dịch:	Nguyễn Thị Kim Anh\nNXB:	NXB Trẻ\nNăm XB:	2018\nTrọng lượng (gr):	400\nKích Thước Bao Bì:	15.5 x 23 x 2\nSố trang:	320\nHình thức:	Bìa Mềm',100),(11,'Super Môn Toán - Tập 1: Hình Học Không Gian 11&12',900000,99000,2,'NXB Đại học Quốc gia Hà Nội','\"Super Môn Toán - Tập 1: Hình Học Không Gian 11&12\"\nVới mong muốn giúp học sinh yêu thích và giải quyết tốt các bài toán hình học không gian trong các đề thi tốt nghiệp và đề thi học sinh giỏi, chúng tôi xin giới thiệu đến các bạn đọc cuốn sách: Super Môn Toán - Tập 1: Hình Học Không Gian 11&12. Cuốn sách bao gồm 9 chủ đề:\nTrong mỗi chủ đề các tác giả nêu ra một số các định nghĩa, định lí cơ bản trong Sách giáo khoa. Sau đó là phương pháp giải các dạng toán thường xuyên xuất hiện trong các đề thi tốt nghiệp Trung học Phổ thông. Hệ thống các bài tập từ dễ đến khó và tổng hợp tất cả các bài toán hình không gian trong các đề thi Tốt nghiệp THPT và trong các đề thi đại học gần đây.\nVới nội dung súc tích, các tác giả đã cố gắng sắp xếp, lựa chọn các bài toàn tiêu biểu cho từng dạng bài toán tương ứng với các câu hỏi về hình học. Chúng tôi hi vọng cuốn sách này là một tài liệu thiết thực, bổ ích cho người dạy học và học, đặc biệt là các em học sinh yêu thích Hình học không gian và chuẩn bị thi tốt nghiệp THPT hay học sinh giỏi.',1,'Tác giả: Trần Công Diêu\nNhà xuất bản: NXB Đại học Quốc gia Hà Nội\nNhà phát hành: TCDBooks\nKhối lượng: 600.00 gam\nNgôn ngữ: Tiếng Việt\nĐịnh dạng: Bìa mềm\nKích thước: 23.5 x 16.5 cm\nNgày phát hành: 01/2021\nSố trang: 392',100),(12,'Cơn Lốc Quản Trị - Ba Trụ Cột Của Văn Hóa Doanh Nghiệp',105000,110000,3,'NXB Trẻ','\"Cơn Lốc Quản Trị - Ba Trụ Cột Của Văn Hóa Doanh Nghiệp\"\nDoanh nghiệp nào cũng có lúc gặp phải những vấn đề không nhất thiết mang tính kỹ thuật, như sự thiếu vắng động lực, hoặc tinh thần tương tác và làm việc nhóm thấp, thậm chí là mâu thuẫn giữa các thành viên, trong đó có cả các lãnh đạo cấp trung và cấp cao. Chẳng công cụ quản lý nào cho phép giải quyết được những vấn đề bắt nguồn từ sự ganh tị, đố kị, thiên vị, hoặc tệ hơn nữa là nạn bè đảng hay tham nhũng nội bộ.\nCác mô hình quản lý chỉ mang lý luận kỹ thuật cục bộ hạn hẹp và những giải pháp cấu trúc có sẵn cho doanh nghiệp. Chỉ văn hóa mới có khả năng vào sâu một cách uyển chuyển các vấn đề trong mối quan hệ giữa người với người. Và đây chính là những vấn đề mà các doanh nghiệp Việt Nam thường gặp phải.\nTrong tác phẩm mới nhất về văn hóa doanh nghiệp, tác giả Phan Văn Trường phát triển và đi sâu hơn nữa về chủ đề khá trừu tượng này. Vẫn giữ nguyên phong cách tiếp cận dựa trên những câu chuyện từ thực tế trải nghiệm của mình, ông dẫn dắt độc giả trên con đường tìm hiểu vai trò của văn hóa doanh nghiệp, đồng thời đi sâu giải thích ba phong cách văn hóa mà chính ông đã tiên phong áp dụng cho những doanh nghiệp mình từng tham gia quản trị.',1,'Tên Nhà Cung Cấp:	NXB Trẻ\nTác giả:	Phan Văn Trường\nNXB:	Trẻ\nNăm XB:	2023\nNgôn Ngữ:	Tiếng Trung\nTrọng lượng (gr):	260\nKích Thước Bao Bì:	23 x 15.5 x 1.2 cm\nSố trang:	248\nHình thức:	Bìa Mềm',100),(13,'Chiến Binh Cầu Vồng (Tái Bản 2020)',109000,119000,4,'NXB Hội Nhà Văn','\"Chiến Binh Cầu Vồng (Tái Bản 2020)\"\n“Thầy Harfan và cô Mus nghèo khổ đã mang đến cho tôi tuổi thơ đẹp nhất, tình bạn đẹp nhất, và tâm hồn phong phú, một thứ gì đó vô giá, thậm chí còn có giá trị hơn những khao khát mơ ước. Có thể tôi lầm, nhưng theo ý tôi, đây thật sự là hơi thở của giáo dục và linh hồn của một chốn được gọi là trường học.” - (Trích tác phẩm)\nTrong ngày khai giảng, nhờ sự xuất hiện vào phút chót của cậu bé thiểu năng trí tuệ Harun, trường Muhammadiyah may mắn thoát khỏi nguy cơ đóng cửa. Nhưng ước mơ dạy và học trong ngôi trường Hồi giáo ấy liệu sẽ đi về đâu, khi ngôi trường xập xệ dường như sẵn sàng sụp xuống bất cứ lúc nào, khi lời đe dọa đóng cửa từ viên thanh tra giáo dục luôn lơ lửng trên đầu, khi những cỗ máy xúc hung dữ đang chực chờ xới tung ngôi trường để dò mạch thiếc…? Và liệu niềm đam mê học tập của những Chiến binh Cầu vồng đó có đủ sức chinh phục quãng đường ngày ngày đạp xe bốn mươi cây số, rồi đầm cá sấu lúc nhúc bọn ăn thịt người, chưa kể sự mê hoặc từ những chuyến phiêu lưu chết người theo tiếng gọi của ngài pháp sư bí ẩn trên đảo Hải Tặc, cùng sức cám dỗ khôn cưỡng từ những đồng tiền còm kiếm được nhờ công việc cu li toàn thời gian ...?\nChiến binh Cầu vồng có cả tình yêu trong sáng tuổi học trò lẫn những trò đùa tinh quái, cả nước mắt lẫn tiếng cười – một bức tranh chân thực về hố sâu ngăn cách giàu nghèo, một tác phẩm văn học cảm động truyền tải sâu sắc nhất ý nghĩa đích thực của việc làm thầy, việc làm trò và việc học.\nTác phẩm đã bán được trên năm triệu bản, được dịch ra 26 thứ tiếng, là một trong những đại diện xuất sắc nhất của  văn học Indonesia hiện đại.',1,'Tên Nhà Cung Cấp:	Nhã Nam\nTác giả:	Andrea Hirata\nNgười Dịch:	Dạ Thảo\nNXB:	NXB Hội Nhà Văn\nNăm XB:	2020\nTrọng lượng (gr):	450\nKích Thước Bao Bì:	20.5 x 14 cm\nSố trang:	428\nHình thức:	Bìa Mềm',100),(14,'Bộ Đề Kiểm Tra Đánh Giá Năng Lực - Môn Lịch Sử - Lớp 9',80000,89000,2,'NXB Đại học Quốc gia Hà Nội','\"Bộ Đề Kiểm Tra Đánh Giá Năng Lực - Môn Lịch Sử - Lớp 9\"\r\nCuốn sách này được biên soạn theo chương trình giáo dục phổ thông tổng thể và chuẩn kiến thức, kĩ năng của Bộ Giáo dục và Đào tạo. Sách gồm 3 phần cơ bản: Phần 1 là một số đề thi trắc nghiệm, Phần 2 là một số đề thi trắc nghiệm kết hợp với tự luận và Phần 3 là đáp án. Cuốn sách này giúp học sinh ôn tập, tự kiểm tra và đánh giá kết quả của mình, cũng như giáo viên và phụ huynh có thể sử dụng để tham khảo và hướng dẫn học sinh.',1,'Tác giả: Nguyễn Văn Ninh\r\nNhà xuất bản: Nxb Đại học Quốc gia Hà Nội\r\nNhà phát hành: Công Nghệ Giáo Dục VN\r\nKhối lượng: 310.00 gam\r\nNgôn ngữ: Tiếng Việt\r\nĐịnh dạng: Bìa mềm\r\nKích thước: 17 x 24 cm\r\nNgày phát hành: 2020\r\nSố trang: 220',100),(15,'Doanh Nghiệp Của Thế Kỷ 21 (Tái Bản 2019)',85000,95000,3,'NXB Trẻ','\"Doanh Nghiệp Của Thế Kỷ 21 (Tái Bản 2019)\"\r\nMột quyển sách khác của tác giả bộ sách nổi tiếng Dạy con làm giàu. Trong cuốn sách này, Robert T. Kiyosaki sẽ chỉ ra cho bạn đọc thấy lý do tại sao mình cần phải gây dựng doanh nghiệp riêng của mình và chính xác đó là doanh nghiệp gì. Nhưng đây không phải là việc thay đổi loại hình doanh nghiệp mình đang triển khai mà đó là việc thay đổi chính bản thân. Tác giả còn cho bạn đọc biết cách thức tìm kiếm những gì mình cần để phát triển doanh nghiệp hoàn hảo, nhưng để doanh nghiệp của mình phát triển thì mình cũng sẽ phải phát triển theo.',1,'Tên Nhà Cung Cấp:	NXB Trẻ\r\nTác giả:	Robert T Kiyosaki, John Fleming, Kim Kiyosaki\r\nNXB:	NXB Trẻ\r\nNăm XB:	2019\r\nTrọng lượng (gr):	280\r\nKích Thước Bao Bì:	13 x 20.5\r\nSố trang:	260\r\nHình thức:	Bìa Mềm',100),(16,'Chú Bé Mang Pyjama Sọc (Tái Bản)',79000,89000,4,'NXB Hội Nhà Văn','\"Chú Bé Mang Pyjama Sọc (Tái Bản)\"\r\nRất khó miêu tả câu chuyện về Chú bé mang pyjama sọc này. Thường thì chúng tôi vẫn tiết lộ vài chi tiết về cuốn sách trên bìa, nhưng trong trường hợp này chúng tôi nghĩ làm như vậy sẽ làm hỏng cảm giác đọc của bạn. Chúng tôi nghĩ điều quan trọng là bạn nên đọc mà không biết trước nó kể về điều gì.\r\nNếu bạn định bắt đầu đọc cuốn sách thật, bạn sẽ cùng được trải qua một hành trình với một cậu bé chín tuổi tên là Bruno (dù đây không hẳn là sách cho trẻ chín tuổi). Và chẳng sớm thì muộn bạn sẽ cùng Bruno đến một hàng rào. Những hàng rào như vậy vẫn tồn tại ở khắp nơi trên thế giới. Chúng tôi hy vọng không ai trong chúng ta phải vượt qua một hàng rào như vậy trong đời.',1,'Tên Nhà Cung Cấp:	Nhã Nam\r\nTác giả:	John Boyne\r\nNgười Dịch:	Lê Nguyễn Lê\r\nNXB:	Hội Nhà Văn\r\nNăm XB:	2023\r\nTrọng lượng (gr):	280\r\nKích Thước Bao Bì:	20.5 x 13 cm\r\nSố trang:	253\r\nHình thức:	Bìa Mềm',100),(17,'Being Buddha At Work - Ứng Dụng Giáo Lý Đức Phật Ở Chốn Công Sở Để Đạt Đến An Lạc Và Trí Tuệ',119000,129000,4,'NXB Hồng Đức','\"Being Buddha At Work - Ứng Dụng Giáo Lý Đức Phật Ở Chốn Công Sở Để Đạt Đến An Lạc Và Trí Tuệ\"\r\nCuốn sách “Being Buddha at Work” của tác giả BJ Gallagher và Franz Metcalf giới thiệu cách áp dụng triết lý Phật giáo vào công việc để giải quyết căng thẳng và lo lắng. Cuốn sách được chia thành 3 phần chính: Chương 1 đề cập đến trí tuệ của Đức Phật cho công việc của chúng ta, Chương 2 tập trung vào cách làm việc của người khác, và Chương 3 đề cập đến các chủ đề tổ chức rộng lớn hơn. Cuốn sách này cho thấy cách thức hiện diện tâm trí Phật trong sự căng thẳng và ồn ào của nơi làm việc, giúp chúng ta giảm bớt căng thẳng hàng ngày và đón nhận thử thách với sự thức tỉnh, bình tĩnh và hài hước',1,'Nhà xuất bản: NXB Hồng Đức\r\nNgày xuất bản: 31/12/2022\r\nNhà phát hành: Bizbooks\r\nKích thước: 14.0 x 20.5 x 2.0 cm\r\nSố trang: 112 trang\r\nTrọng lượng: 200 gram',100),(18,'Xứ Sở Miên Man - Tặng Kèm Bookmark',187000,197000,6,'NXB Phụ Nữ Việt Nam','\"Xứ Sở Miên Man\"\r\nĐây là một cuốn sách của Jun Phạm, kể về cuộc sống của ông Thảo và bé Mì Gói, đứa con gái nhỏ được ông nhận nuôi tại Tiệm cắt tóc Tân Kỳ. Cuốn sách mở ra trước mắt bạn đọc bức tranh đối lập trong cuộc sống bình dị của hai nhân vật. Mỗi ngày trôi qua, ông Thảo luôn cảm thấy mệt mỏi vì cơm áo gạo tiền, ông bị cuốn vào cuộc chiến với một con quái vật mang tên Cuối Tháng. Còn Mì Gói thì lúc nào cũng có hàng tá câu hỏi hoang đường về các nàng tiên và những bức vẽ về vùng đất “Minamun” do cô bé tự tạo ra. Sau cuộc cãi vã với ông Thảo, bé Mì Gói bị bắt đến xứ Xứ sở miên man kỳ ảo và cuộc hành trình đi giải cứu Mì Gói đầy điều bất ngờ của ông Thảo và chú Tò he chính thức bắt đầu. Cuốn sách chứa đựng những góc nhìn sâu sắc về cuộc sống của Jun Phạm qua lăng kính đầy màu sắc trẻ thơ trong nhân vật bé Mì Gói.',1,'Nhà xuất bản: NXB Phụ Nữ Việt Nam\r\nNgày xuất bản: 20/07/2023\r\nNhà phát hành: SkyBooks\r\nKích thước: 14.5 x 20.5 x 1.3 cm\r\nSố trang: 264 trang\r\nTrọng lượng: 430 gram',100),(19,'Biên Niên Ký Sao Hỏa',165000,175000,7,'NXB Văn Học','“Biên niên ký Sao Hỏa”\r\nĐây là một cuốn sách của tác giả Ray Bradbury, được dịch bởi Lê Hồng Vân và xuất bản bởi Văn Học vào năm 2023. Dẫu được tôn vinh vào hàng kinh điển trong dòng sách khoa học viễn tưởng, khoa học lại mờ nhạt đến gần như vắng bóng trong cuốn sách này. Sao Hỏa, trong trí tưởng tượng của Bradbury những năm bốn mươi của thế kỷ hai mươi, không có gì giống với hành tinh lạnh lẽo khô khốc chúng ta biết tới ngày nay. Đó là một nơi có bầu khí quyển gần như Trái Đất, sinh sống một giống loài thông minh khá giống loài người. Đó là xứ sở của những rặng núi xanh lam, của những dòng kênh xanh lục, của những cây cột pha lê, của lớp bụi mờ phủ lên những thành phố tráng lệ đã chết. Sao Hỏa của Bradbury là một chốn của hy vọng, của ảo mộng và của ẩn dụ. Chính ở nơi đây, những kẻ xâm lược Trái Đất đã đến, tháo chạy khỏi một thế giới không tương lai đến một miền đất hứa, một giấc mơ Mỹ thứ hai. Người Trái Đất tràn lên Sao Hỏa, để rồi bị chính Sao Hỏa ru ngủ trong những tiện nghi thân quen lọc lừa, rù quến trong ánh hào quang còn sót lại của chủng loài bản địa cổ xưa đầy bí hiểm. Cuốn tiểu thuyết chắp nối từ những truyện ngắn về Sao Hỏa này khiến ta ngộp thở trước vẻ đẹp của nó và trăn trở trước những vấn đề nó đặt ra về bản chất loài người.',1,'Tên Nhà Cung Cấp	Nhã Nam\r\nTác giả	Ray Bradbury\r\nNgười Dịch	Lê Hồng Vân\r\nNXB	Văn Học\r\nNăm XB	2023\r\nTrọng lượng (gr)	600\r\nKích Thước Bao Bì	20.5 x 14 x 2 cm\r\nSố trang	402\r\nHình thức	Bìa Mềm',100),(20,'Tàu Hũ, Bánh, Trà Và Cà Phê',120000,130000,8,'NXB Tổng Hợp Thành Phố Hồ Chí Minh','\"Tàu Hũ, Bánh, Trà Và Cà Phê\"\r\nTàu hủ, bánh, trà và cà phê là cuốn sách thứ 15 trong 25 năm viết văn của Đào Thị Thanh Tuyền, một gia tài văn chương đáng ao ước và ngưỡng mộ.\r\nững câu chuyện quá đỗi đời thường, từ trong nhà ra ngoài ngõ, ở quán nước, trên chuyến xe, một bóng hình xưa, một vườn hồng cũ, một chỗ ngồi ngắm sô mà bất cứ ai cũng đều có thể nhìn thấy, chạm phải, hoặc ít nhất là ngang qua nhưng lại bỏ quên đâu đó. Hạnh phúc và khổ đau, đoàn tụ và ly tán, phản bội và chung thủững đề tài tưởng nhàm chán nhưng đi qua cái nhìn và ghi chép của một nhà văn nữ bao giờ cũng có sức lay động bởi sự mềm mại và rung cảm rất riêng. Mảng thời sự trong truyện ngắn cũng là một thế mạnh của tác giả vốn làm báo song hành, sự uyển chuyển từ tư liệu báo chí thành tác phẩm văn học là điều không hề dễ dàng. Báo chí phục vụ người đọc phải đúng thời điểm như là tiêu chí đầu tiên còn văn chương thì không đòi hỏi phải như vậy. Mà chỉ cần một ngày nọ, bây giờ hoặc mai sau, cây cầu văn chương do tác giả bắc qua hôm nay sẽ giúp người đọc nối lại ngọn nguồn, tự mình chiêm nghiệm và khám phá.',1,'Tên Nhà Cung Cấp	NXB Tổng Hợp TPHCM\r\nTác giả	Đào Thị Thanh Tuyền\r\nNXB	Tổng Hợp Thành Phố Hồ Chí Minh\r\nNăm XB	2023\r\nTrọng lượng (gr)	380\r\nKích Thước Bao Bì	20.5 x 13 x 1.8 cm\r\nSố trang	360\r\nHình thức	Bìa Mềm',100),(21,'Những Di Sản Văn Hóa Vật Thể Và Thiên Nhiên Thế Giới Tại Việt Nam',52000,62000,8,'NXB Hà Nội','“Những Di Sản Văn Hóa Và Thiên Nhiên Thế Giới Tại Việt Nam” \r\nĐây là một cuốn sách giới thiệu về 8 di sản thế giới tại Việt Nam được UNESCO công nhận từ năm 1993 đến 2014. Sách nhấn mạnh tầm quan trọng của việc bảo tồn và phát huy những di sản văn hóa và thiên nhiên quý giá này. Đây là những tài sản quý giá của dân tộc cần được khai thác, lưu giữ và phát huy. Cuốn sách là nguồn tài liệu quý giá cho những ai quan tâm đến văn hóa và lịch sử Việt Nam.',1,'Công ty phát hành: Công Ty Cổ Phần Tri thức Văn Hóa Sách Việt Nam\r\nNgày xuất bản: 2023-06-23 14:55:11\r\nLoại bìa: Bìa gập\r\nSố trang: 160\r\nNhà xuất bản: Nhà Xuất Bản Hà Nội',100),(22,'Kafka Bên Bờ Biển (Tái Bản 2020)',158000,168000,7,'NXB Văn Học','“Kafka bên bờ biển”\r\nĐây là một cuốn sách của tác giả Haruki Murakami. Cuốn sách có hai câu chuyện song song, một kể về cậu bé Kafka Tamura, một kể về lão già Nakata. Kafka Tamura luôn có một bản ngã là Quạ theo bên cạnh. Cậu bé mười lăm tuổi này sống với cha sau khi mẹ và chị gái bỏ đi. Cậu luôn bị một lời nguyền của cha ám ảnh: mày sẽ ngủ với mẹ và chị gái mày sau khi giết cha. Kinh sợ, Kafka bỏ nhà ra đi. Cậu chìm đắm trong một thư viện sách khổng lồ ở Takamatsu. Rồi những chuyện bí ẩn xảy ra, cậu gặp cô gái Sakura và bà Miss Saeki, những người mà cậu luôn băn khoăn không biết có phải là chị và mẹ mình. Bố Kafka bị giết, và cậu nghĩ, không biết có phải lời nguyền đã ứng? Trong khi đó, ở bên kia bờ biển, ông già Nakata cũng có một cuộc hành trình đến Takamatsu. Bị một tai nạn từ nhỏ, Nakata mất trí nhớ và khả năng đọc, viết; tuy nhiên bù lại ông có thể giao tiếp với loài mèo. Vì thế ông nhận sứ mệnh đi tìm con quỷ giết mèo hàng loạt, tìm một phiến đá bí ẩn… Kỳ lạ, bí ẩn, pha trộn với hiện đại, Kafka bên bờ biển khiến cho mọi con đường văn học, mọi cách tiếp cận văn học đều bàng hoàng, choáng ngợp.',1,'Tên Nhà Cung Cấp:	Nhã Nam\r\nTác giả:	Haruki Murakami\r\nNgười Dịch:	Dương Tường\r\nNXB:	NXB Văn Học\r\nNăm XB:	2020\r\nTrọng lượng (gr):	550\r\nKích Thước Bao Bì:	15.5 x 24 cm x 2.6\r\nSố trang:	539\r\nHình thức:	Bìa Mềm',100),(23,'Du Kí Vòng Quanh Nước Ý - Ngàn Kì Quan',140000,150000,6,'NXB Kim Đồng','\"Du Kí Vòng Quanh Nước Ý - Ngàn Kì Quan\"\r\nCác bạn đọc Gặm Nhấm thân mến,\r\nHãy cài dây an toàn và chuẩn bị sẵn sàng nào: một chuyến đi tuyệt diệu đang chờ đón chúng ta. Lên đường cùng chúng tôi nhé!\r\nĐấy là một buổi sáng mùa hạ đẹp trời, tôi - Geronimo Stilton - đang ngồi trên máy bay, sẵn sàng cho một kì nghỉ thư thái với gia đình. Nhưng… đấy không hẳn là một kì nghỉ, mà còn là khởi đầu của một chuyến đi đáng nhớ vô cùng! Mời các bạn cùng tham gia vào chuyến phiêu lưu kì thú băng qua các vùng đất và tìm hiểu nền văn hoá của nước Ý: Một đất nước của NGÀN KÌ QUAN!',1,'Độ Tuổi	7+\r\nTên Nhà Cung Cấp:	Nhà Xuất Bản Kim Đồng\r\nTác giả:	Geronimo Stilton\r\nNgười Dịch:	Phương Nga\r\nNXB:	Kim Đồng\r\nNăm XB:	2023\r\nNgôn Ngữ:	Tiếng Việt\r\nTrọng lượng (gr):	240\r\nKích Thước Bao Bì:	20.5 x 14.5 x 1 cm\r\nSố trang: 224\r\nHình thức:	Bìa Mềm',100),(24,'Một Pháp',109500,119000,5,'NXB Hà Nội','\"Một Pháp\"\r\nJoseph Goldstein là một trong những giáo viên vipassana đầu tiên của Mỹ, đồng sáng lập Hiệp hội Thiền Minh Quán (IMS) cùng với Jack Kornfield và Sharon Salzberg, tác giả đương đại của nhiều cuốn sách nổi tiếng về Phật giáo, giáo viên hướng dẫn cư trú tại IMS và lãnh đạo các khóa tu trên toàn thế giới về thiền tu chánh niệm (vipassana) và từ bi (metta)1. Thay vì bám chặt vào một truyền thống duy nhất, ông đã học với rất nhiều vị thầy, kết nối các phương diện khác nhau của nhiều truyền thống Phật giáo vào sự thực hành của mình. Sự thực hành Phật giáo bao gồm những thành phần căn bản như sự thực hành chú niệm, tâm từ, tâm bi, không dính mắc và trí tuệ. Những chủ đề chung này là những gì mà Joseph đã tập trung trong quyển sách có tựa đề \"Một Pháp\"',1,'Nhà xuất bản: NXB Hà Nội\r\nNgày xuất bản: 31/08/2022\r\nNhà phát hành: Thái Hà\r\nKích thước: 15.0 x 23.0 x 2.0 cm\r\nSố trang: 288 trang\r\nTrọng lượng: 180 gram',100),(25,'Một Cuốn Sách Trầm Cảm',106000,116000,4,'NXB Thanh Niên','\"Một Cuốn Sách Trầm Cảm\"\r\n“Ở nơi đây mình không bán nụ cười\r\nmình chỉ bán nước mắt và buồn hiu\r\nở nơi đây mình không bán tình yêu\r\nchỉ có cô liêu và những ngày quạnh quẽ.”\r\nMột cuốn sách trầm cảm hay còn có tên Một cuốn sách của macmart là quyển tản văn và thơ bộc bạch những tâm tư, cảm xúc của một người trẻ, một trái tim non dại, một tâm hồn chênh vênh, khắc khoải, đớn đau khi phải đối mặt với hiện thực cuộc sống từ những ngày biết tự ý thức cho đến những bước chân tập tễnh đầu tiên trên hành trình tự trưởng thành, mà chắc hẳn ai cũng từng một lần cảm thấy.\r\nBắt đầu bằng những câu chuyện kể, những lời độc thoại cô đơn với chính mình, nhưng rồi sự xuất hiện của gia đình, bạn bè, của những người xa lạ đã mang đến cho “đứa trẻ” muôn vàn cảm xúc khác biệt. Có thể là chút hy vọng nhỏ nhoi, cũng có thể là nỗi đau tột cùng hay sự thất vọng ngập tràn, tuy nhiên dường như bấy giờ tâm trạng của nhân vật đã không còn đơn độc. Từ đó, có sự xuất hiện của những biến đổi trong cảm xúc, trong chính con người thật của “đứa trẻ” ấy. Và cuối cùng là niềm hi vọng được nhìn thấy ánh sáng tích cực, chút niềm tin về cuộc sống bé nhỏ như một bông hoa mọc ra trên vách đá mà tác giả gửi gắm.',1,'Tên Nhà Cung Cấp:	AZ Việt Nam\r\nTác giả:	macmart\r\nNXB:	Thanh Niên\r\nNăm XB:	2022\r\nNgôn Ngữ:	Tiếng Việt\r\nTrọng lượng (gr):	250\r\nKích Thước Bao Bì:	19 x 13 cm\r\nSố trang:	208\r\nHình thức:	Bìa Mềm',100),(26,'Tư Duy Ngược Dịch Chuyển Thế Giới - Originals: How Non-Conformists Move The World',142000,152000,1,'NXB Tổng Hợp TPHCM','\"Tư Duy Ngược Dịch Chuyển Thế Giới - Originals: How Non-Conformists Move The World\"\r\nAdam Grant là tác giả của cuốn sách “Give and Take” (tựa tiếng Việt là “Cho và Nhận”), được The New York Times bình chọn là sách bán chạy nhất. Trong cuốn sách này, Adam đã chỉ cho mọi người cách thức để bảo vệ thành công những ý tưởng mới, cũng như phương pháp để các nhà lãnh đạo có thể khuyến khích sự đa dạng và khác biệt trong suy nghĩ và hành động của tổ chức mình.\r\nVới cuốn sách “Tư Duy Ngược Dịch Chuyển Thế Giới”, Adam Grant giải quyết vấn đề làm sao để cải thiện thế giới, từ góc nhìn mới “trở nên khác biệt”: Chọn đi “ngược dòng”, đấu tranh với tính tuân thủ cứng nhắc và đập tan các truyền thống lỗi thời. Qua nghiên cứu và câu chuyện trong lĩnh vực kinh doanh, chính trị, thể thao và giải trí, Grant đã khám phá ra phương pháp để nhận biết một ý tưởng hay, cách lên tiếng mà không bị cô lập, xây dựng liên minh, chọn thời điểm thích hợp để hành động, kiểm soát nỗi sợ hãi và nghi ngờ; cũng như cách thức để các bậc phụ huynh và giáo viên có thể nuôi dưỡng khả năng sáng tạo độc đáo ở trẻ; và giải pháp để các nhà lãnh đạo đấu tranh với tư duy “bầy đàn”.',1,'Tên Nhà Cung Cấp:	FIRST NEWS\r\nTác giả:	Adam Grant\r\nNXB:	NXB Tổng Hợp TPHCM\r\nNăm XB:	2020\r\nNgôn Ngữ:	Tiếng Việt\r\nTrọng lượng (gr):	350\r\nKích Thước Bao Bì:	24 x 16 x 0.5 cm\r\nSố trang:	344\r\nHình thức:	Bìa Mềm',100),(27,'E-Test Luyện Đề Môn Toán - Chinh Phục Kì Thi THPT Quốc Gia',139000,149000,2,'NXB Đại học Quốc gia Hà Nội','\"E-Test Luyện Đề Môn Toán - Chinh Phục Kì Thi THPT Quốc Gia\"\r\nBộ sách E-test luyện đề - chinh phục kì thi THPT Quốc gia được biên soạn bởi Công ty Cổ phần Sách và Công nghệ Giáo dục Việt Nam - Eduking, bám sát ma trận đề thi THPT Quốc gia của Bộ Giáo dục và Đào tạo. Bộ sách gồm hai phần chính: Phần 1 là một số đề thi tham khảo và Phần 2 là đáp án. Bộ sách còn được tích hợp Ứng dụng thi thử trực tuyến theo Công nghệ 4.0 E-test, cho phép học sinh ôn luyện, làm bài thi thử miễn phí trên nền tảng website và smartphone với số lượng đề thi đa dạng và phong phú. Khi sử dụng ứng dụng, các em học sinh có thể chủ động trong việc thi thử trên máy tính và smartphone ở mọi nơi, mọi lúc với chế độ tự động chấm thi và phân tích năng lực học sinh theo từng đơn vị kiến thức.',1,'Tác giả: Nguyễn Thị Lanh , Phan Huy Khải\r\nNhà xuất bản: Nxb Đại học Quốc gia Hà Nội\r\nNhà phát hành: Công Nghệ Giáo Dục VN\r\nKhối lượng: 770.00 gam\r\nNgôn ngữ: Tiếng Việt\r\nĐịnh dạng: Bìa mềm\r\nKích thước: 20.5 x 29 cm\r\nNgày phát hành: 03/2019\r\nSố trang: 352',100),(28,'Dẫn Luận Về Kierkegaard',65000,75000,1,'NXB Hồng Đức','\"Dẫn Luận Về Kierkegaard\"\r\nSoren Kierkegaard là một trong những triết gia độc đáo nhất của thế kỷ 19, với các tác phẩm về tôn giáo, tâm lý học và văn học. Những di sản sách triết học gây ấn tượng của ông đã là nguồn cảm hứng cho nhiều khuynh hướng tư tưởng của thế kỷ 20, đặc biệt là sự trỗi dậy của chủ nghĩa hiện sinh.\r\nDẫn Luận Về Kierkegaard của Patrick Gardiner mang đến cho chúng ta một toàn cảnh về đời sống và suy tư của triết gia người Đan Mạch và ảnh hưởng của ông lên những dòng chảy của tư tưởng hiện đại.\r\n“Phác họa dễ hiểu cho độc giả nhập môn về suy nghĩ của một thiên tài đã thể hiện sống động cả hai vai trò, nhà tư tưởng và hiện hữu con người.\"',1,'Tên Nhà Cung Cấp:	Cty Văn Hóa Văn Lang\r\nTác giả:	Patrick Gardiner\r\nNgười Dịch:	Thái An\r\nNXB:	NXB Hồng Đức\r\nNăm XB:	2017\r\nNgôn Ngữ:	Tiếng Việt\r\nTrọng lượng (gr):	260\r\nKích Thước Bao Bì:	20 x 12 cm\r\nSố trang:	214\r\nHình thức:	Bìa Mềm',100),(29,'Hồ Chí Minh - Về Cán Bộ Và Công Tác Cán Bộ',80000,85000,1,'NXB Chính Trị Quốc Gia Sự Thật','\"Hồ Chí Minh - Về Cán Bộ Và Công Tác Cán Bộ\"\r\nChủ tịch Hồ Chí Minh là lãnh tụ vĩ đại của dân tộc ta, Người trực tiếp sáng lập và lãnh đạo Đảng Cộng sản Việt Nam, tiến hành cuộc đấu tranh giành độc lập và tự do cho dân tộc. Người là hiện thân mẫu mực của người đảng viên đảng cộng sản, kiên định với mục tiêu, lý tưởng chủ nghĩa Mác-Lênin, trọn đời cống hiến cho sự nghiệp đấu tranh vì độc lập dân tộc và chủ nghĩa xã hội. Người là một chiến sĩ cách mạng suốt đời đấu tranh vì độc lập tự do và hạnh phúc của dân tộc, vì tình hữu nghị và đoàn kết quốc tế giữa các quốc gia và dân tộc yêu hòa bình. Người là tấm gương sáng về đạo đức, tác phong công tác để toàn Đảng, toàn dân, toàn quân noi theo. Di sản của Chủ tịch Hồ Chí Minh để tại cho Đảng, cho nhân dân ta vô cùng to lớn.\r\nSinh thời, Chủ tịch Hồ Chí Minh luôn dành sự quan tâm đặc biệt đến công tác cán bộ, Người coi đó là nhiệm vụ quan trọng hàng đầu trong công tác xây dựng Đảng, xây dựng chính quyền nhà nước. Hệ thống các quan điểm trong tư tưởng của Người về công tác cán bộ là sự kết hợp tinh tế giữa lý luận chủ nghĩa Mác-Lênin với thực tiễn cách mạng Việt Nam, trở thành cơ sở lý luận và thực tiễn để Đảng lãnh đạo, chỉ đạo và tiến hành công tác cán bộ đáp ứng yêu cầu đặt ra trong từng thời kỳ cách mạng trước đây và công cuộc đổi mới, phát triển đất nước hiện nay.',1,'Tên Nhà Cung Cấp:	NXB Chính Trị Quốc Gia\r\nTác giả:	Hồ Chí Minh\r\nNXB:	Chính Trị Quốc Gia Sự Thật\r\nNăm XB:	2023\r\nTrọng lượng (gr):	220\r\nKích Thước Bao Bì:	20.5 x 15 x 1 cm\r\nSố trang:	200\r\nHình thức:	Bìa Mềm',100),(30,'Phát Triển Năng Lực Thi Trắc Nghiệm Môn Địa Lí',109000,119000,2,'NXB Đại học Quốc gia Hà Nội','\"Phát Triển Năng Lực Thi Trắc Nghiệm Môn Địa Lí\"\r\nCuốn sách là tài liệu tham khảo quý giá đối với giáo viên dạy bộ môn Địa lí trong việc định hướng, tổ chức học và ôn tập cho học sinh lớp 12 có trọng tâm và đạt kết quả cao.\r\nNội dung cuốn sách được chia làm 3 phần:\r\nPhần 1: Lí thuyết: gồm các câu hỏi trắc nghiệm khách quan 4 lựa chọn, bám sát nội dung trọng tâm trong chương trình Địa lí lớp 11 và các bài trong sách giáo khoa Địa lí 12.\r\nPhần 2: Thực hành\r\nPhần 3: Một số đề thi chính thức của Bộ Giáo dục và Đào tạo',1,'Tác giả: Đỗ Ngọc Tiến\r\nNhà xuất bản: Nxb Đại học Quốc gia Hà Nội\r\nNhà phát hành: Công Nghệ Giáo Dục VN\r\nKhối lượng: 440.00 gam\r\nNgôn ngữ: Tiếng Việt\r\nĐịnh dạng: Bìa mềm\r\nKích thước: 19 x 27 cm\r\nNgày phát hành: 09/2019\r\nSố trang: 260',100),(31,'Netflix: Phá Bỏ Nguyên Tắc Để Bứt Phá - No Rules Rules: Netflix And The Culture Of Reinvention',198000,200000,3,'NXB Trẻ','\"Netflix: Phá Bỏ Nguyên Tắc Để Bứt Phá - No Rules Rules: Netflix And The Culture Of Reinvention\"\r\nTừ trước đến nay chưa từng có công ty nào như Netflix. Họ đã dẫn dắt cuộc cách mạng trong ngành giải trí, thu về hàng tỉ đôla doanh thu hằng năm bằng cách thu hút trí tưởng tượng của hàng trăm triệu khách hàng trên hơn 190 quốc gia.\r\nRa đời năm 1988 là một dịch vụ cho thuê DVD trực tuyến, nhà sáng lập Reed Hastings của Netflix đã từ bỏ những cách làm truyền thống mà nhiều công ty khác vẫn vận hành. Thay vào đó, ông xây dựng một văn hóa tập trung vào tự do và trách nhiệm, giúp Netflix tự tái tạo hết lần đến lần khác, thích nghi và đổi mới khi nhu cầu của thế giới xung quanh cũng như của các thành viên công ty thay đổi.\r\nHastings đặt ra những tiêu chuẩn mới, xem trọng con người hơn quy trình, nhấn mạnh đổi mới hơn hiệu quả, và trao cho nhân viên bối cảnh thay vì kiểm soát họ. Netflix không có chính sách ngày phép hay quy định công tác phí. Tại Netflix, người có kết quả làm việc bình thường nhận được gói trợ cấp thôi việc hào phóng, và làm việc chăm chỉ là không cần thiết. Tại Netflix, bạn không cần cố gắng làm hài lòng cấp trên, bạn phải đưa ra phản hồi trung thực.\r\nLần đầu tiên, trong tác phẩm này, Hastings và Erin Meyer, tác giả cuốn sách \"The Culture Map\" và là một trong những nhà tư tưởng kinh doanh có tầm ảnh hưởng lớn nhất, cùng đi sâu vào các triết lý gây tranh cãi là tâm điểm của tinh thần Netflix. Dựa trên phỏng vấn nhân viên Netflix từ khắp thế giới và những câu chuyện chưa từng được tiết lộ về sự nghiệp của Hastings, \"Netflix: Phá bỏ nguyên tắc để bứt phá\" (tựa gốc: No Rules Rules) là câu chuyện thú vị nhưng chưa từng được kể về một trong những công ty đột phá, sáng tạo, và thành công nhất thế giới.\r\nVăn hóa độc đáo “Nguyên tắc là không có nguyên tắc” giải thích sự chuyển mình với tốc độ ánh sáng của một dịch vụ cho thuê DVD qua đường bưu điện thành một trong những doanh nghiệp đột phá và thành công nhất trong lịch sử: thống lĩnh thị trường phát trực tuyến toàn cầu, thách thức những công ty như Disney.\r\nBất cứ ai làm công việc kiến tạo, lãnh đạo, hay khát khao muốn đột phá đều muốn đọc cuốn sách này!',1,'Tên Nhà Cung Cấp:	NXB Trẻ\r\nTác giả:	Reed Hastings, Erin Meyer\r\nNgười Dịch:	Trần Thị Ngân Tuyến\r\nNXB:	NXB Trẻ\r\nNăm XB:	2022\r\nNgôn Ngữ:	Tiếng Việt\r\nTrọng lượng (gr):	560\r\nKích Thước Bao Bì:	23 x 15.5 x 1.8 cm\r\nSố trang:	405\r\nHình thức:	Bìa Mềm',100),(32,'Lời Tiên Tri Celestine',248000,258000,4,'NXB Dân Trí','\"Lời Tiên Tri Celestine\"\r\n“Lời tiên tri Celestine” của tác giả James Redfield là một cuốn sách đặc biệt về tâm linh, mang đến sự khai sáng thông qua những cuộc gặp gỡ định mệnh và sự kiện không ngờ tới. Câu chuyện xoay quanh hành trình của nhân vật chính tìm kiếm một bản cổ thư tại Peru, qua đó khám phá ra những Sự Khai sáng về cuộc sống và con người.\r\nMỗi Sự Khai sáng trong bản cổ thư mang lại những nhận thức mới về ý nghĩa thực sự của cuộc sống. Qua những trăn trở nội tâm và nguy hiểm rình rập, nhân vật chính đã gặp gỡ những người bạn hữu duyên và từng bước khám phá ra thông điệp sâu sắc từ những sự kiện ngẫu nhiên trong cuộc đời mình.\r\nCuốn sách không chỉ là một trải nghiệm tâm linh thú vị mà còn là một lời nhắc nhở về việc duy trì sự thức tỉnh bên trong, hướng đến một cuộc sống có mức rung động năng lượng cao hơn, nơi con người có thể tìm thấy nguồn cảm hứng và sáng tạo vô tận.\r\n“Lời tiên tri Celestine” đã trở thành hiện tượng xuất bản với hàng chục triệu bản được bán ra, được dịch ra 34 thứ tiếng và nằm trong danh sách sách bán chạy nhất của tờ New York Times trong ba năm liền. Nó cũng là nguồn cảm hứng cho album ca nhạc của Christopher Franke và đã được chuyển thể thành phim vào năm 2006.',1,'Tên Nhà Cung Cấp:	FIRST NEWS\r\nTác giả:	James Redfield\r\nNgười Dịch:	Trần Tuyết\r\nNXB:	Dân Trí\r\nNăm XB:	2022\r\nTrọng lượng (gr):	550\r\nKích Thước Bao Bì:	20.5 x 14.5 cm\r\nSố trang:	532\r\nHình thức:	Bìa Mềm',100),(33,'Sự Tỉnh Thức Của Loài Gấu',91500,99000,5,'NXB Hồng Đức','\"Sự Tỉnh Thức Của Loài Gấu\"\r\nTrong bất kỳ cuốn sách nào trình bày về giáo lý của Đức Phật, rõ ràng trọng tâm là lời giáo huấn, nhưng vẫn còn nhiều thắc mắc ngoài những gì được nói ra. Sự tỉnh thức của loài gấu tập hợp những câu hỏi và trả lời ở các khóa thiền do Ajahn Brahm chủ trì ở Trung tâm Jhana Grove, Australia, từ 2010 đến 2013.\r\nAjahn Brahm được biết đến rộng rãi và yêu thích không chỉ bởi nội dung các bài giảng mà còn nhờ phong cách truyền đạt và óc khôi hài. Những câu chuyện vui “kỳ cục” của ông giúp người đọc thư thái và mở lòng với một quan điểm nhân ái và từ bi hơn, nhưng mục đích chính trong mọi câu chuyện là giải quyết những vấn đề đang cản trở chúng ta trên con đường giác ngộ.\r\nĐọc cuốn sách này, bạn hãy tưởng tượng mình đang ở trong thiền đường với Ajahn Brahm, đã dành ngày hôm đó để thiền định, và ông đang nói với chính bạn.',1,'Nhà xuất bản: NXB Hồng Đức\r\nNgày xuất bản: 30/11/2018\r\nNhà phát hành: Văn Lang\r\nKích thước: 13.5 x 21.0 x 1.4 cm\r\nSố trang: 278 trang\r\nTrọng lượng: 450 gram',100),(34,'Mẹ Con Sư Tử',125000,130000,6,'NXB Phụ Nữ','\"Mẹ Con Sư Tử\"\r\n“Sư tử mẹ nhìn sư tử con mỉm cười. Nó nhảy qua bên kia bờ suối đi vào rừng thì sư tử con cũng mỉm cười, nhảy theo mẹ, vượt qua suối vào rừng. Sư tử con biết rằng, nó không phải là khỉ, nó là sư tử. Từ đó hai mẹ con được đoàn tụ hạnh phúc”…\r\nCâu chuyện giản dị, gần gũi được Sư Ông THÍCH NHẤT HẠNH kể lại như một ngụ ngôn giàu hàm nghĩa, khơi nguồn những điều thiện hảo trong tâm hồn.\r\nHãy là chú sư tử mạnh mẽ trong đời.\r\nVề Thiền sư THÍCH NHẤT HẠNH\r\n“Thích Nhất Hạnh là một trong những tiếng nói quan trọng nhất của thời đại chúng ta. Hơn bao giờ hết, đây là lúc chúng ta cần lắng nghe vị thầy này.” – Sogyal Rinpoche',1,'Tên Nhà Cung Cấp:	Phanbook\r\nTác giả:	Thích Nhất Hạnh, Hùng Lê\r\nNXB:	Phụ Nữ Việt Nam\r\nNăm XB:	2022\r\nTrọng lượng (gr):	475\r\nKích Thước Bao Bì:	26 x 19 x 1 cm\r\nSố trang:	37\r\nHình thức:	Bìa Cứng',100),(35,'Vương Triều Tudor Cuối Cùng',220000,230000,7,'NXB Văn Hóa - Nghệ Thuật','\"Vương Triều Tudor Cuối Cùng\"\r\nVương triều Tudor cuối cùng được Philippa Gregory cấu trúc thành ba phần theo ba tuyến nhân vật chính – ba chị em gái nhà Tudor. Đó là Jane Grey, Cửu Nhật Nữ vương (The Nine Day Queen), người còn được xưng tụng như một Thánh nữ Tử vì Đạo; là Katherine Grey, cô em gái xinh đẹp, kiêu kỳ và nổi loạn; và cô em út Mary Grey, người có hình thể nhỏ nhắn và khiếm khuyết nhưng ẩn chứa bên trong một bản lĩnh và ý chí vô cùng mạnh mẽ và thuần khiết.\r\nMa thuật ngòi bút của Philippa sẽ khiến bạn lập tức thấy mình là nhân vật chính chỉ sau vài trang sách. Bạn sẽ bước vào một cuộc hành trình ngược dòng lịch sử đến nước Anh thời Tudor thế kỷ XVI đầy biến động với những mưu đồ đen tối, những cuộc thanh trừng đẫm máu, những con buôn chính trị sừng sỏ, những cuộc tình vụng trộm, những kiêu hãnh và định kiến, vài hạnh phúc hiếm hoi cùng nỗi thống khổ triền miên và sự hối tiếc. Có những lúc bạn nghe cảm xúc trào dâng trước một tình yêu nguyên sơ, đẹp đẽ; có những khi bạn chìm trong giận dữ đến cùng cực của lòng thù hận trước những toan tính tàn nhẫn và bạn chỉ muốn đạp tung tất cả, từ gông cùm của đoạn đầu đài cho đến những quy tắc hoàng gia, những luật lệ bất thành văn khắc nghiệt còn sót lại từ đêm trường Trung cổ.',1,'Tên Nhà Cung Cấp:	Saigon Books\r\nTác giả:	Philippa Gregory\r\nNgười Dịch:	Vương Bảo Long\r\nNXB:	NXB Văn hóa - Văn nghệ\r\nNăm XB:	2019\r\nTrọng lượng (gr):	620\r\nKích Thước Bao Bì:	16 x 24 x 2.9\r\nSố trang:	604\r\nHình thức:	Bìa Mềm',100),(36,'Việt Nam Văn Hoá Sử Cương - Bìa Cứng',390000,400000,8,'NXB Đại Học Sư Phạm','\"Việt Nam Văn Hoá Sử Cương - Bìa Cứng\"\r\nViệt Nam văn hoá sử cương là một nỗ lực của học giả Đào Duy Anh nhằm giải quyết cuộc va chạm giữa văn hóa Việt Nam truyền thừa từ bao đời và văn hóa Âu tây mới lan tràn. Đào Duy Anh nhìn nhận cuộc va chạm ấy chính là “bi kịch hiện thời” của dân tộc, một bi kịch đến từ “sự xung đột của những giá trị cổ truyền của văn hóa cũ ấy với những điều mới lạ của văn hóa Tây phương”. Và để giải quyết sự xung đột này, Đào Duy Anh đề nghị “một mặt phải xét lại cho biết nội dung của văn hóa xưa là thế nào, một mặt phải nghiên cứu cho biết chân giá trị của văn hóa mới”. Tác phẩm Việt-nam văn-hóa sử-cương chính là lời giải cho nan đề đầu tiên của tác giả: văn hóa xưa là thế nào?\r\nẤn bản Việt Nam văn hoá sử cương của Đông A dựa theo bản in lần đầu năm 1938 của Quan-hải tùng-thư, có tham khảo một số chi tiết trong bản in năm 1951 của Xuất bản Bốn phương, Viện Giáo khoa - Hiên Tân Biên. Trong lần in này, ban biên tập Đông A sử dụng một số minh họa trong các bản sách tiếng Pháp về Đông Dương và các nguồn tư liệu ở bảo tàng, tranh dân gian, sách báo xưa...\r\nVới diện mạo mới này, người làm sách kỳ vọng sẽ đem đến cho bạn đọc một ấn bản trang nhã, tương xứng với giá trị lâu dài của tác phẩm.',1,'Tên Nhà Cung Cấp:	Đông A\r\nTác giả:	Đào Duy Anh\r\nNXB:	Đại Học Sư Phạm\r\nNăm XB:	2023\r\nNgôn Ngữ:	Tiếng Việt\r\nTrọng lượng (gr):	500\r\nKích Thước Bao Bì:	26.5 x 18.5 x 2 cm\r\nSố trang:	368\r\nHình thức:	Bìa Cứng',100),(37,'Câu Chuyện Triết Học - The Story Of Philosophy',450000,460000,1,'NXB Thế Giới','\"Câu Chuyện Triết Học - The Story Of Philosophy\"\r\nKhi viết cuốn sách này, Will Durant không tham vọng viết một lịch sử triết học hoàn chỉnh, ông chỉ nỗ lực nhân văn hóa tri thức triết học qua cuộc đời và tư tưởng của các triết gia phương Tây mà theo ông có vị trí quan trọng hơn cả. Từ đó, ông làm sáng tỏ quan điểm rằng triết học nên được hiểu là sự diễn giải mang tính tổng hợp về tất cả mọi kinh nghiệm, thay vì là sự mô tả mang tính phân tích về phương thức và quá trình của chính kinh nghiệm. Bởi việc phân tích thuộc về khoa học còn sự tổng hợp thuộc về triết học, và bởi \"khoa học cho ta tri thức, nhưng chỉ triết học mới có thể cho ta trí tuệ\".\r\nCâu chuyện triết học thành công vang dội không chỉ trong vai trò một dẫn luận về tinh thần triết học mà còn ở lời mời gọi đến với bộ môn này. Sau khi cuốn sách được xuất bản, doanh số của các tác phẩm triết học kinh điển đã tăng khoảng 200%. Nhiều nhà xuất bản đã phát hành những phiên bản mới, đặc biệt là những tác phẩm của Plato, Spinoza, Voltaire, Schopenhauer và Nietzsche. Và kể từ thời điểm ra đời đến nay, Câu chuyện triết học đã được tái bản hàng chục lần, chứng minh cho sức sống, tầm ảnh hưởng vượt thời gian của nó.\r\nỞ Việt Nam, Câu chuyện triết học từng được xuất bản nhiều lần với bản dịch không đầy đủ. Do vậy, đây chính là bản dịch tiếng Việt mới hoàn chỉnh và lần đầu tiên có bản quyền chính thức của tác phẩm nổi tiếng này.\r\nWILL DURANT tên đầy đủ là William James Durant (1885-1981), sử gia, triết gia, nhà văn nổi tiếng người Mỹ. Từng được trao giải Pulitzer. Ông có ảnh hưởng lớn đến các vấn đề xã hội, chính trị, tư tưởng đương thời cũng như sau này.',1,'Tên Nhà Cung Cấp:	Nhã Nam\r\nTác giả:	Will Durant\r\nNgười Dịch:	Hoàng Đức Long\r\nNXB:	Thế Giới\r\nNăm XB:	2022\r\nTrọng lượng (gr):	1231\r\nKích Thước Bao Bì:	24 x 15.5 x 4 cm\r\nSố trang:	743\r\nHình thức:	Bìa Cứng',100),(38,'Bộ Đề Minh Họa Luyện Thi THPT Quốc Gia Năm 2019 Môn Hóa Học',119000,129000,2,'NXB Đại học Quốc gia Hà Nội','\"Bộ Đề Minh Họa Luyện Thi THPT Quốc Gia Năm 2019 Môn Hóa Học\"\r\nCăn cứ chủ trương của Bộ GD&ĐT, Công ty Cổ phần Sách và Công nghệ Giáo dục Việt Nam tổ chức biên soạn và phát hành bộ sách Bộ đề minh họa luyện thi THPT Quốc gia năm 2019 theo các môn thi. Bộ sách hướng tới 2 mục tiêu: đảm bảo yêu cầu cơ bản cho học sinh ôn luyện thi để xét tốt nghiệp THPT và cung cấp các kiến thức phân hóa cao để học sinh ôn luyện thi xét tuyển vào các trường Đại học, Cao đẳng năm 2019. Nội dung mỗi cuốn sách đã bao quát chương chình toàn cấp THPT theo các mức độ đánh giá năng lực học sinh. Hi vọng rằng với việc luyện tập thành thạo các đề thi tham khảo trong bộ sách này, các em học sinh sẽ tự trang bị và bồi dưỡng kiến thức, củng cố kỹ năng để có tâm lý vững vàng, tự tin trong kì thi THPT Quốc gia năm 2019.',1,'Tác giả: Lưu Văn Dầu , Nguyễn Văn Luyện\r\nNhà xuất bản: Nxb Đại học Quốc gia Hà Nội\r\nNhà phát hành: Công Nghệ Giáo Dục VN\r\nKhối lượng: 616.00 gam\r\nNgôn ngữ: Tiếng Việt\r\nĐịnh dạng: Bìa mềm\r\nKích thước: 20.5 x 29.5 cm\r\nNgày phát hành: 03/2019\r\nSố trang: 308',100),(39,'Nghệ Thuật Bán Hàng Của Người Do Thái (Tái Bản 2020)',88000,98000,3,'NXB Tổng Hợp TPHCM','\"Nghệ Thuật Bán Hàng Của Người Do Thái (Tái Bản 2020)\"\r\nNghệ thuật bán hàng của người Do Thái là một cuốn sách của tác giả Yaniv Zaid, nơi ông chia sẻ những bí quyết marketing và thương thuyết sáng tạo mà ông đã tích lũy được sau nhiều năm nghiên cứu về chủ đề thành công cũng như hoạt động trên thương trường. Được mệnh danh là “quốc gia khởi nghiệp”, Israel là nơi sản sinh ra nhiều doanh nhân thành công trong nhiều lĩnh vực và ở mọi quốc gia. Để làm được điều này, người Do Thái đã tiếp thu và thấm nhuần những triết lý và công cụ để tạo dựng uy tín, xây dựng và duy trì một cộng đồng khách hàng trung thành, thực hiện marketing sáng tạo và tối đa hóa doanh số cho công ty của mình – những phương pháp mà người Do Thái đã áp dụng từ rất lâu.\r\nQua những mẩu chuyện nhỏ và nhiều ví dụ thực tế trong quyển sách này, bạn đọc sẽ lần lượt tìm được câu trả lời cho những câu hỏi mà một chuyên gia marketing, một nhân viên bán hàng hay bất kỳ ai muốn nâng cao kỹ năng thương thuyết đều có thể quan tâm. Khi đọc quyển sách này, bạn sẽ thấy rằng những chân lý và triết lý thành công không nằm ở đâu xa mà hiện diện và được ứng dụng ngay trong đời sống hằng ngày.\r\nSâu sắc nhưng không giáo điều, hiệu quả mà vô cùng đơn giản và dễ hiểu chính là điểm khác biệt của quyển sách Nghệ thuật bán hàng của người Do Thái của tác giả Yaniv Zaid – một luật sư và nhà kinh tế học, đồng thời là diễn giả đã có hơn 1.650 bài giảng và rất nhiều hội thảo tại bốn châu lục. Quyển sách này được các tờ báo Sài Gòn Giải Phóng và Doanh Nhân Plus đánh giá cao.',1,'Tên Nhà Cung Cấp:	FIRST NEWS\r\nTác giả:	Yaniv Zaid\r\nNgười Dịch:	Ca Dao, Cẩm Xuân\r\nNXB:	NXB Tổng Hợp TPHCM\r\nNăm XB:	2020\r\nTrọng lượng (gr):	200\r\nKích Thước Bao Bì:	20.5 x 14.5 cm\r\nSố trang:	184\r\nHình thức:	Bìa Mềm',100),(40,'Thằng Nớ Con Nhà Ai?',100000,105000,4,'NXB Hội Nhà Văn','\"Thằng Nớ Con Nhà Ai?\"\r\nNỗi ám ảnh tuy mang tên chung Thằng nớ con nhà ai?, nhưng cũng là “Tôi con nhà ai, chúng ta con nhà ai?” trong mối quan hệ và va đập của văn hóa làng xã. Và rộng ra, nỗi ám ảnh ấy cứ như tra khảo ta từng ngày, khuôn định lối sống, cách ứng xử từ của mỗi cá thể đến mỗi cộng đồng. Nhờ vậy, con người sẽ bị tha hóa chậm đi trong cơn lốc của vật chất và thời đại.\r\nĐiều rất rõ là, đời sống đô thị khiến mỗi cá thể trở nên vô danh, càng ngày càng vô danh, do đó anh tha hồ đánh mất danh dự, lòng tự trọng, nhân phẩm. Còn ở nơi thôn dã, con người được minh định về nhân thân trong mỗi liên kết huyết thống, tộc họ, làng xóm. Trong thiết chế đó, anh không dám “làm bậy”! Mà lỡ anh sai sót, anh có thể có cơ hội kịp phản tỉnh và điều chỉnh vì anh luôn biết tự vấn mình là ai.\r\nMột nhà văn Nga, Solzenitsin từng nhắc lại một câu tục ngữ của quê hương ông trong diễn từ Nobel 1972, đại ý rằng: Hãy tin vào mắt bạn, dù đôi mắt đó bị lé! Tập truyện của tôi đa phần hình thành từ những trải nghiệm của bản thân mình ở một làng quê, vì vậy tôi tin nó sẽ được đón nhận và đối xử như một đóng góp mang tính riêng rẽ vào dòng chảy văn chương hôm nay!',1,'Tên Nhà Cung Cấp:	Saigon Books\r\nTác giả:	Trương Điện Thắng\r\nNXB:	NXB Hội Nhà Văn\r\nNăm XB:	2017\r\nNgôn Ngữ:	Tiếng Việt\r\nTrọng lượng (gr):	200\r\nKích Thước Bao Bì:	20.5 x 13 x 0.5 cm\r\nSố trang:	186\r\nHình thức:	Bìa Mềm',100),(41,'Tin Hiểu Nhân Quả',49000,59000,5,'NXB Hà Nội','\"Tin Hiểu Nhân Quả\"\r\nNhân quả là định luật khách quan và phổ biến, chi phối tất cả mọi sự vật hiện tượng từ thế giới vật lý đến thế giới tâm lý. Quy luật nhân quả không chỉ ảnh hưởng đến một cá nhân nào đó trước mắt mà nó còn liên hệ chằng chịt đến vạn vật trong vũ trụ và cộng hưởng bởi nghiệp thức chung của toàn nhân loại. Trong cuốn sách “Tin hiểu nhân quả”, tác giả sẽ lý giải thấu đáo sự vận hành của nhân quả như một định luật khách quan, không mê tín, không thiên kiến, cũng như cách áp dụng nhân quả vào đời sống thực tiễn thường ngày để chúng ta tránh được những rủi ro làm tổn hại thân tâm',1,'Nhà xuất bản: NXB Hà Nội\r\nNgày xuất bản: 06/02/2020\r\nNhà phát hành: Thái Hà\r\nKích thước: 13.0 x 19.0 x 2.0 cm\r\nSố trang: 152 trang\r\nTrọng lượng: 176 gram',100),(42,'Chuyện Kể Về Chàng Bơ Bị Lãng Quên',51000,55000,6,'NXB Kim Đồng','\"Chuyện Kể Về Chàng Bơ Bị Lãng Quên\"\r\nCác em đã từng được nghe nhắc tới chàng Bơ chưa? Vào một ngày mùa xuân, chàng Bơ lau sạch đôi giày, xỏ chân vào, buộc dây giày lại. Chàng buộc dây giày làm sao để nó không lê thê trên đất, không bò ra mọi phía như những con giun, để không bị vấp chân vào đó. Rồi Bơ lên đường.\r\nChuyến chu du khắp thiên hạ của Bơ có rất nhiều điều thú vị. Chàng tới nhiều nơi và dừng chân ở nhiều ngôi làng. Nhưng đâu mới là nơi Bơ ở lại? Và vì sao chàng chọn nơi đó là điểm dừng chân cuối cùng?\r\nMời các em cùng đọc truyện để biết câu trả lời nhé!',1,'Tên Nhà Cung Cấp:	Nhà Xuất Bản Kim Đồng\r\nTác giả:	Tấn Nguyễn, Toàn\r\nNXB:	Kim Đồng\r\nNăm XB:	2023\r\nTrọng lượng (gr):	100\r\nKích Thước Bao Bì:	23 x 20 cm\r\nSố trang:	64\r\nHình thức:	Bìa Mềm',100),(43,'Hai Vạn Dặm Dưới Đáy Biển',83000,90000,7,'NXB Văn Học','“Hai vạn dặm dưới đáy biển” \r\nĐây là một tiểu thuyết khoa học viễn tưởng kinh điển của nhà văn người Pháp Jules Verne, xuất bản vào năm 1870. Câu chuyện kể về Thuyền trưởng Nê-mô, một người thù ghét đất liền và con tàu ngầm Nau-ti-lux có một không hai của ông ta, từ quan điểm của giáo sư A-rô-nắc. Trong một chuyến đi khảo sát sinh vật biển bí ẩn trên chiếc tàu Lin-côn, giáo sư A-rô-nắc, trợ lý Công-xây và chàng thợ đánh bắt cá voi cừ khôi Nét Len, tất cả bị rơi khỏi tàu và vô tình bị bắt vào tàu ngầm Nau-ti-lux của thuyền trưởng Nê-mô. Từ đây họ bắt đầu một hành trình khám phá thế giới đại dương huyền ảo với thuyền trưởng Nê-Mô và các thủy thủ trên tàu Nau-ti-lux. Chiếc tàu Nau-ti-lux được xây dựng bí mật và đi lang thang khắp vùng biển không có bất kỳ chính phủ nào. Động lực của thuyền trưởng Nê-mô ngụ ý là sự khát khao về tri thức khoa học và là mong muốn nền văn minh vượt bậc. Nê-mô giải thích rằng tàu ngầm của ông được cung cấp điện và có thể thực hiện nghiên cứu sinh học biển tiên tiến; ông cũng nói với hành khách mới của mình rằng mặc dù ông đánh giá cao cuộc trò chuyện với một chuyên gia như A-rô-nắc, duy trì sự bí mật của sự tồn tại của ông và con tàu nên ông không bao giờ để chúng để lại.',1,'Tên Nhà Cung Cấp:	Cty Văn Hóa Minh Lâm\r\nTác giả:	Jules Verne\r\nNXB:	Văn Học\r\nNăm XB:	2015\r\nNgôn Ngữ:	Tiếng Việt\r\nTrọng lượng (gr):	352\r\nKích Thước Bao Bì:	20.5 x 13.5 x 1.7 cm\r\nSố trang:	411\r\nHình thức:	Bìa Mềm',100),(44,'Tìm Hiểu Văn Hóa Úc',66300,70000,8,'NXB Hà Nội','“Việt Nam có hơn bốn nghìn năm lịch sử dựng nước và giữ nước”\r\nĐây  là một cuốn sách giới thiệu về văn hóa và lịch sử của Việt Nam, cũng như những di sản văn hóa và thiên nhiên quý giá của đất nước này. Sách khám phá những đặc trưng văn hóa độc đáo của Việt Nam, từ những phong tục, tập quán, lễ hội, trang phục, ẩm thực, văn học, nghệ thuật, thể thao cho đến các khu du lịch nổi tiếng. Đây là một nguồn tài liệu quý giá cho những ai quan tâm đến văn hóa và lịch sử Việt Nam.',1,'Tác giả: Nguyễn Mai Chi\r\nNgày xuất bản: 04 - 2023\r\nNhà xuất bản: NXB Hà Nội\r\nHình thức bìa: Bìa mềm\r\nSố trang: 156',100),(45,'Khám Phá Thế Giới - Trang Phục Cổ Truyền Khắp Năm Châu',130000,135000,8,'NXB Kim Đồng','\"Khám Phá Thế Giới - Trang Phục Cổ Truyền Khắp Năm Châu\"\r\nTrên khắp thế giới, người dân mặc trang phục truyền thống để tôn vinh bản sắc văn hoá dân tộc mình.\r\nTrong từng đường kim mũi chỉ, từng sợi tơ sợi vải, mỗi bộ trang phục truyền của mỗi dân tộc đều mang trong mình một câu chuyện văn hóa, thể hiện rằng họ là ai, họ sinh sống ở đâu và tín ngưỡng của họ là gì.\r\nKhám Phá Thế Giới - Trang Phục Cổ Truyền Khắp Năm Châu tựa như một vũ hội hoành tráng để tôn vinh trang phục và văn hóa đa dạng trên toàn thế giới.\r\nNào kimono đa sắc, nào váy flamenco lộng lẫy, nào những chiếc mặt nạ mặt nạ sặc sỡ… từng trang sách đưa ta du ngoạn qua nhiều quốc gia, khám phá và tụng ca nét đẹp muôn vẻ của những bộ trang phục cổ truyền.',1,'Tên Nhà Cung Cấp:	Nhà Xuất Bản Kim Đồng\r\nTác giả:	Giovanna Alessio, Chaaya Prabhat\r\nNgười Dịch:	Kiều Nga\r\nNXB:	Kim Đồng\r\nNăm XB:	2023\r\nNgôn Ngữ:	Tiếng Việt\r\nTrọng lượng (gr):	435\r\nKích Thước Bao Bì:	30.5 x 24.5 x 0.7 cm\r\nSố trang:	79\r\nHình thức:	Bìa Mềm',100),(46,'Hiệu Sách Cuối Cùng Ở London - Tiểu Thuyết Về Chiến Tranh Thế Giới Thứ Hai',180000,190000,7,'NXB Văn Học','“Hiệu sách cuối cùng ở London” \r\nĐây là một cuốn tiểu thuyết tình cảm hấp dẫn của tác giả Madeline Martin, được dịch bởi Phương Hạ và xuất bản bởi Văn Học vào năm 2022. Cuốn sách ghi lại quãng thời gian khó khăn của người dân London trong Chiến tranh Thế giới thứ Hai và được truyền cảm hứng từ quá khứ có thật của số ít hiệu sách còn tồn tại sau cuộc oanh kích của Đức quốc xã. Cuốn sách kể lại một câu chuyện về những mất mát của thời chiến, về tình yêu và sức mạnh của văn chương giúp con người ta vượt qua giai đoạn đen tối nhất. Cuốn sách đưa bạn quay trở lại thời điểm tháng 8 năm 1939, lúc ấy người dân London đang ráo riết chuẩn bị cho chiến tranh khi lực lượng của Hitler tràn qua châu Âu. Người hùng trong cuốn sách, Grace Bennett, là một cô gái luôn ấp ủ mong ước được chuyển đến London sinh sống. Khi cô cùng người bạn thân Viv đặt chân đến đây thì chiến tranh sắp sửa nổ ra. Hai cô gái đến sống cùng người bạn thân nhất của mẹ Grace, bà Weatherford, và cậu con trai của bà. Sau đó, Grace được giới thiệu tới làm việc tại hiệu sách Đồi Primrose. Trong quãng thời gian Grace làm việc tại hiệu sách Đồi Primrose, chiến tranh đã nổ ra. Đức quốc xã cho ném bom khắp thành phố London, phá hủy biết bao tòa nhà và cướp đi mạng sống của hàng nghìn người. Nhưng nhờ được làm việc trong hiệu sách và được truyền cảm hứng từ những người cô gặp nơi đây, Grace dần yêu thích sách hơn, và đồng thời cô đem tình yêu sách đó lan tỏa tới mọi người. Trải qua những đợt giới nghiêm, những đêm mưa bom bão đạn triền miên, cô đã khám phá ra sức mạnh của việc gắn kết cộng đồng thông qua việc đọc sách – một sức mạnh chiến thắng ngay cả trong những đêm đen tối nhất của cuộc chiến.',1,'Tên Nhà Cung Cấp:	Tân Việt\r\nTác giả:	Madeline Martin\r\nNgười Dịch:	Phương Hạ\r\nNXB:	Văn Học\r\nNăm XB:	2022\r\nTrọng lượng (gr):	400\r\nKích Thước Bao Bì:	20.5 x 14.5 x 1.3 cm\r\nSố trang:	402\r\nHình thức:	Bìa Mềm',100),(47,'Nghé Ọ Hai Xoáy',55000,60000,6,'NXB Văn Học','“Nghé ọ Hai Xoáy” \r\nTác giả Phạm Anh Xuân đã kể về cuộc sống của những đứa trẻ nơi làng quê, sự hòa nhập cùng thiên nhiên và các trò chơi dân gian. Nhân vật chính trong truyện là Hùng, một cậu bé có ước mơ và khát vọng học tập. Cuốn sách đưa người đọc trở về với làng quê thân thương, nơi có tình cảm xóm làng chân thành, có những đứa trẻ chăn trâu cắt cỏ hòa mình cùng thiên nhiên thanh bình, với những trò chơi của những đứa trẻ hồn nhiên trong sáng. Cuốn sách phù hợp với mọi lứa tuổi và giúp người đọc hiểu và thêm yêu cuộc sống vùng nông thôn hơn.',1,'Tên Nhà Cung Cấp:	Tân Việt\r\nTác giả:	Phạm Anh Xuân\r\nNXB:	Văn Học\r\nNăm XB:	2022\r\nTrọng lượng (gr):	150\r\nKích Thước Bao Bì:	20.5 x 13.5 cm x 0.8\r\nSố trang:	124\r\nHình thức:	Bìa Mềm',100),(48,'Trái Tim Không',50000,55000,5,'NXB Hội Nhà Văn','\"Trái Tim Không\"\r\n\"Mùa mưa, tôi tác ý sẽ nhập định 3 ngày 3 đêm để tri ân Tam Bảo.\r\nMột tháng trước khi nhập định, tôi bắt đầu nhịn ăn. Lúc đầu, tôi chỉ uống nước quả cả ngày. Sau đó chỉ uống nước lọc. Từ ngày nhập định thì dừng tất cả. Tôi bắt đầu nhập định như thường lệ bằng quan sát và nhận biết hơi thở. Rồi hơi thở trở nên vi tế, không nhận biết được hơi thở nữa. Chỉ còn cái biết thuần khiết. Tiếp đó thì không biết gì nữa. Giống như tôi đã biến mất trogn 3 ngày. Trong thời gian này, người từ Bangkok và nhiều nơi đến xem. Khi tôi bất động 3 ngày 3 đêm, nhiều người khóc. Họ nghĩ tôi đã chết. Khi tôi xuất định, họ cũng khóc. Nhưng đây là sự thật. Định chỉ là Định. Định không phải Niết Bàn. Định nghĩa là vẫn trong luân hồi. Vẫn khổ. Niết Bàn không phải là không biết cái gì cả. Thấu triệt hoàn toàn nhưng không dính mắc với bất kỳ cái gì.\r\nTâm hoàn toàn rõ. Sáng. Tự do.\"',1,'Nhà xuất bản: NXB Hội Nhà Văn\r\nNgày xuất bản: 01/11/2021\r\nNhà phát hành: Nhã Nam\r\nKích thước: 14.5 x 20.5 x 2.0 cm\r\nSố trang: 324 trang\r\nTrọng lượng: 600 gram',100),(49,'Thám Tử Hoang Dã',390000,400000,4,'NXB Hội Nhà Văn','\"Thám Tử Hoang Dã\"\r\nĐây là chuyện về các thám tử. Những thám tử kiêm nhà thơ, truy tìm dấu vết một người mất tích – một nhà thơ khác. Một cuộc truy tìm trải suốt nhiều năm, diễn ra khắp ba châu lục nhưng trước hết là Mỹ la tinh, miền đất mênh mông của vô vàn phức tạp, nhộn nhạo, bạo tàn và đẹp, với hầu như mọi thứ trên đời: đế quốc, cách mạng, độc tài, loạn lạc, rượu, ma túy, cảnh sát, mại dâm, tội phạm, nhà thơ. Nhà thơ, một nòi lạ, ngu ngơ, rồ dại, đẹp, nảy nòi một cách khó hiểu và hữu cơ trên bối cảnh tạp nham đầy bất trắc này, và, xuyên suốt câu chuyện dài, ngồn ngộn chi tiết và cảm xúc, tán xạ qua hàng chục giọng khác nhau, hai nhà thơ đơn độc đi tìm nhà thơ đơn độc thứ ba, như hành trình tìm lại một thành viên của cái bộ tộc hiếm gồm những kẻ yêu cái đẹp và đau đời đó, hầu khôi phục một mảnh nhỏ của bộ tộc ấy.\r\n\r\n“Hiện hữu một cách đầy tính thơ trong thời hiện đại là một cách hiện hữu hiểm nghèo,” Bolaño nói. Thám tử hoang dã là câu chuyện về sự hiện hữu hiểm nghèo, ngây ngô, hoang dại, nực cười của nhà thơ, một giống nòi ngày càng lạc lõng giữa thế giới hiện đại. Là khúc tụng ca ngời chói và bi tráng, có lẽ là cuối cùng, về các nhà thơ.\r\n\r\nRoberto Bolaño (1953-2003) nhà văn kiệt xuất người Chile, tác giả nhiều tiểu thuyết, truyện ngắn và tiểu luận văn chương. Năm 1999 ông đoạt giải thưởng Rómulo Gallegos cho tiểu thuyết Thám tử hoang dã, và năm 2008 ông được truy tặng Giải thưởng Hội Phê bình sách Toàn quốc (National Book Critics Circle Award) của Hoa Kỳ cho tiểu thuyết 2666.\r\n\r\nThời báo New York gọi Bolaño là “tiếng nói văn chương Mỹ la tinh quan trọng nhất trong thế hệ của ông”.',1,'Tên Nhà Cung Cấp:	Nhã Nam\r\nTác giả:	Roberto Bolaño\r\nNgười Dịch:	Trần Tiễn Cao Đăng\r\nNXB:	Hội Nhà Văn\r\nNăm XB:	2023\r\nNgôn Ngữ:	Tiếng Việt\r\nTrọng lượng (gr):	930\r\nKích Thước Bao Bì:	25 x 17 x 3 cm\r\nSố trang:	585\r\nHình thức:	Bìa Mềm',100),(50,'Mishkin - Kinh Tế Học Về Tiền, Ngân Hàng Và Thị Trường Tài Chính',888000,890000,3,'NXB Tài Chính','\"Mishkin - Kinh Tế Học Về Tiền, Ngân Hàng Và Thị Trường Tài Chính\"\r\nNhững ngày gần đây, giới tài chính – đầu tư trên toàn thế giới đang hưng phấn tột bậc nhưng cũng ưu tư tột cùng khi chứng kiến mức tăng và lập đỉnh kỷ lục của đồng tiền mật mã đang được quan tâm nhất hiện nay: Bitcoin. Không chỉ bitcoin, những đồng tiền tương tự cũng đang được quan tâm và trở thành một phần trong danh mục đầu tư của hàng triệu người, thậm chí ngay cả những định chế lớn toàn cầu. Trong khi đó, tại Việt Nam những ngày này, hàng triệu cá nhân và doanh nghiệp đang theo dõi sát sao những biến động của lãi suất và hành động điều tiết chính sách tiền tệ của Ngân hàng Nước nhằm phục hồi nền kinh tế hậu đại dịch covid-19.\r\nVậy những đồng tiền mã hóa kia có giá trị gì mà khiến cả thế giới phải chú ý như vậy? Tại sao cứ mỗi khi nền kinh tế bất ổn hoặc có dấu hiệu suy thoái, mọi con mắt sẽ đổ dồn về phía Ngân hàng Trung ương?\r\nTừ khóa cho những câu hỏi này có lẽ là chữ TIỀN.\r\nVậy, tiền là gì? Tiền từ đâu mà ra? Nó được lưu chuyển như thế nào trong nền kinh tế? Điều gì đảm bảo tiền có giá trị? Bitcoin có phải là đồng tiền của tương lai? Những câu hỏi như thế này đang được đặt ra hàng ngày, hàng giờ trên các lớp học cả nhập môn lẫn nâng cao về tài chính, tiền tệ. Và nó càng thiết thực hơn bao giờ hết trong thời điểm này.\r\nBắt đầu được du nhập vào Việt Nam từ những năm 1990, tác phẩm Kinh tế học về Tiền, Ngân hàng và Thị trường Tài chính của Giáo sư Frederic S. Mishkin – Nguyên Phó Chủ tịch điều hành, Cục Dự trữ Liên bang Hoa Kỳ (FED) từ lâu đã trở thành cẩm nang gối đầu giường của các sinh viên, các nhà hoạch định chính sách tài chính, tiền tệ trong nhiều năm qua. Mặc dù được sử dụng chủ yếu trong việc giảng dạy ở bậc Đại học, cuốn sách giáo khoa này có thể là một dẫn nhập cho bất cứ ai quan tâm và muốn tìm hiểu bước đầu về Tài chính, Tiền tệ, Ngân hàng.',1,'Nhà Cung Cấp:	Cty Văn Hóa HN\r\nTác giả:	Frederic S Mishkin\r\nNgười Dịch:	PGS TS Phan Trần Trung Dũng\r\nNXB:	NXB Tài Chính\r\nNăm XB:	2021\r\nTrọng lượng (gr):	2027\r\nKích Thước Bao Bì:	25.4 x 20.3 x 3.8 cm\r\nSố trang:	622\r\nHình thức:	Bìa Cứng',100),(51,'Hãy Là Tất Cả, Hoặc Không Là Gì',149000,159000,4,'NXB Thế Giới','\"Hãy Là Tất Cả, Hoặc Không Là Gì\"\r\nNếu tuổi trẻ của bạn là vô vàn thương tích, nhưng bạn vẫn chẳng biết cách để trở nên cứng cỏi, can trường.\r\nNếu bạn luôn than trách cuộc đời bất công, trong khi bản thân chỉ nghĩ về những ước mơ chứ chưa từng nỗ lực.\r\nBạn đi qua những hoang mang, ngờ vực như thế bằng sự non nớt, không dám vượt thoát khỏi vùng an toàn, không dám nghĩ đến ngày mai. Nhưng bạn biết không:\r\nTuổi trẻ đáng tiếc nhất không phải thử rồi sai.\r\nTuổi trẻ đáng tiếc nhất là phải nói hai chữ “giá như” vì chưa từng dám thử.\r\nNếu bạn đang có một ngày chênh vênh như thế, hãy để “HÃY LÀ TẤT CẢ, HOẶC KHÔNG LÀ GÌ” ở bên, tiếp thêm dũng khí để bạn đối diện với cuộc đời không bằng phẳng. Cầm cuốn sách trên tay, bạn sẽ hiểu: hành trình tuổi trẻ dù có chông gai đến đâu cũng không thể cản bạn đi tới tương lai rực rỡ.\r\nChúng ta chỉ có duy nhất cuộc đời này để sống. Nên hãy sống đến mức tốt nhất có thể: Mua những món đồ đẹp đẽ và giá trị nhất; Yêu một người xinh xắn và xứng đáng nhất; Theo đuổi một ước mơ kỳ vĩ và phi thường nhất; Ngẩng đầu làm một người thành thật và hiên ngang nhất…\r\nTrở thành tất cả những gì bản thân có thể, thay vì an phận tựa một hạt cát vô danh.',1,'Tên Nhà Cung Cấp:	Công Ty Cổ Phần Time Books\r\nTác giả:	| Xu |\r\nNXB:	Thế Giới\r\nNăm XB:	2023\r\nNgôn Ngữ:	Tiếng Việt\r\nTrọng lượng (gr):	360\r\nKích Thước Bao Bì:	20.5 x 14.5 x 1.7 cm\r\nSố trang:	348\r\nHình thức:	Bìa Mềm',100),(52,'Bản Ngã - Thấu Hiểu Và Tan Biến',109500,119000,5,'NXB Lao Động','\"Bản Ngã - Thấu Hiểu Và Tan Biến\"\r\nCuốn sách “Bản Ngã – Thấu hiểu và tan biến” của tác giả David R. Hawkins là một hành trình đi tìm cái tôi chân thực, phá vỡ mọi ảo ảnh và ngụy biện sai lệch để ánh sáng thực tại và hạnh phúc chiếu rọi. Cuốn sách tập hợp những thông điệp truyền cảm hướng từ các tác phẩm nổi tiếng của Tiến sĩ David R. Hawkins, từ đó người đọc được nhắc nhở về bản chất ảo tưởng của cái tôi cá nhân và những con đường trực tiếp để vượt thoát những cạm bẫy của bản ngã/tâm trí',1,'Nhà xuất bản: NXB Lao Động\r\nNgày xuất bản: 30/06/2021\r\nNhà phát hành: 1980 Books\r\nKích thước: 13.0 x 20.0 x 1.0 cm\r\nSố trang: 204 trang\r\nTrọng lượng: 500 gram',100),(53,'Gerda - Câu Chuyện Cá Voi',139000,149000,6,' NXB Thanh Niên','“Gerda - Câu Chuyện Cá Voi” \r\nĐây là một câu chuyện đầy cảm động về ước mơ, niềm tin và khát vọng của cá voi nhỏ Gerda. Tuổi thơ hạnh phúc của Gerda đột nhiên kết thúc bởi một biến cố bất ngờ. Bị bỏ lại một mình, không gia đình ở bên, cô lang thang khắp đại dương và trải qua nhiều ngọt bùi cay đắng, để rồi đến cuối hành trình cô tìm được một chốn đầy yêu thương gọi là nhà. Cuốn sách được minh hoạ bởi Adrián Macho, tác giả sách thiếu nhi bán chạy hàng đầu ở Slovakia (Đông Âu), và mang bài học về sức mạnh niềm tin và khát vọng cũng như thông điệp bảo vệ môi trường. Từ 2018 đến nay, “Gerda - Câu Chuyện Cá Voi” đã được dịch ra 16 thứ tiếng và được trẻ em trên toàn thế giới yêu thích.',1,'Tác giả: Peter Kavecký , Adrián Macho\r\nNhà xuất bản: NXB Thanh Niên\r\nNhà phát hành: SAN HÔ\r\nMã Sản phẩm: 8935333710130Giấy phép XB: -QĐ/NXB ThN\r\nKhối lượng: 400.00 gam\r\nNgôn ngữ: Tiếng Việt\r\nĐịnh dạng: Bìa mềm\r\nKích thước: 20.5 x 26 cm\r\nNgày phát hành: 2022\r\nSố trang: 40',100),(54,'Chuyên Gia Hóa Học - The Chemist',270000,280000,7,'NXB Trẻ','\"Chuyên Gia Hóa Học - The Chemist\"\r\nCô từng làm việc cho chính phủ Mỹ. Là chuyên gia trong lĩnh vực của mình, cô thuộc về vùng bí mật đen tối nhất của một cơ quan cũng bí mật đến nỗi không hề có tên. Và rồi, không một lời cảnh báo, tổ chức ráo riết săn lùng cô. Kể từ đây, cô bắt đầu hành trình của những dịch chuyển.\r\nGiờ thì vị sếp cũ đề nghị được mở đường thoát cho cô: công việc cuối cùng để đổi lấy tự do. Tuy nhiên, khi chuẩn bị cho nhiệm vụ khốc liệt nhất đời mình, cô bắt đầu nhận ra bản thân đang phải lòng một người đàn ông mà mình cần phải đưa vào tròng. Cô buộc phải lựa chọn: trở về với bóng tối, bị săn đuổi và đơn độc, hay đứng dậy và chiến đấu.\r\n“Cuốn hút… Một hành trình gai góc… Chuyên gia hóa học diễn tiến ở ngưỡng tốc độ cao, nhất là năng lực sử dụng hóa chất của cô gái có vóc người nhỏ nhắn, nhưng không ai muốn ở gần những chiếc nhẫn trên ngón tay của cô - không thể nói trước được điều gì.” - USA Today\r\n“Meyer biết cách kiểm soát hình huống căng thẳng một cách khéo léo, như trong bất kỳ tác phẩm nào của cô. Ở đó, các nhân vật tự bộc lộ mình.” - Washington Post\r\n“Một cuộc so kè về tài năng và mưu mẹo của các nhà khoa học tài năng, với sự dàn dựng của một tổ chức bí ẩn.” - Cosmopolitan',1,'Tên Nhà Cung Cấp:	NXB Trẻ\r\nTác giả:	Stephenie Meyer\r\nNgười Dịch:	Dã Thảo\r\nNXB:	Trẻ\r\nNăm XB:	2023\r\nTrọng lượng (gr):	760\r\nKích Thước Bao Bì:	20 x 14 x 3.7 cm\r\nSố trang:	744\r\nHình thức:	Bìa Mềm',100),(55,'Lăng Gia Long',249000,259000,8,'NXB Khoa Học Xã Hội','\"Lăng Gia Long\"\r\nẤn phẩm thứ hai thuộc bộ sách “Huế kỳ bí” có tên “Lăng Gia Long” - tác giả là Linh mục Léopold Cadière, với phần thơ của Charles Patris. Ngay sau khi Hội những người bạn Cố đô Huế được thành lập, L. Cadière đã tham gia Dự án nghiên cứu lập bản đồ lăng mộ tang lễ vùng phụ cận Huế và hội này đã sớm có được những con số tổng hợp đầu tiên rất ấn tượng. Năm 1928, trên tập san Đô thành hiếu cổ (tên gọi quen thuộc hơn của tập san Những người bạn Cố đô Huế), chính L.Cadière đã công bố bài viết đầu tiên về chủ đề “Lăng mộ của người An Nam trong vùng phụ cận Huế”.\r\nNgược về thượng nguồn qua ngả đồi Nam Giao, ngang qua quần thể lăng Thiệu\r\nTrị để vào hữu ngạn Hương Giang, băng qua khe Chu Ê để đến ngã ba Chợ Tuần, vượt qua bến đò Lăng Gia Long, rồi đi dọc bờ sông Tả Trạch một quãng đến làng Định Môn. “Ngự đạo”, con đường từ tả ngạn sông dẫn vào lăng vị vua nổi tiếng triều Nguyễn, Hoàng đế Gia Long dần hiện ra dẫn ta vào một trong những nơi huyền bí của vùng đất Huế. Quần thể lăng Gia Long giấu mình trong những vạt đồi, thung lũng, rừng cây, con suối, ẩn hiện một cách nhẹ nhàng. Từ đây, chúng ta được tác giả giới thiệu tỉ mỉ từng công trình một của quần thể với những phân tích khảo cứu kỹ lưỡng, mô phỏng một bức tranh toàn diện về dấu ấn triều đại xưa.\r\nQua từng chương của cuốn sách, bạn đọc sẽ hiểu hơn về vị Hoàng đế đầu tiên của triều Nguyễn, cùng những quan niệm nhân sinh quan mà chính Gia Long đã gửi vào quần thể lăng tẩm mình. Bên cạnh đó “Lăng Gia Long” không những là một khảo cứu tỉ mỉ, mà nó còn mang giá trị ứng dụng rất cao, khi tác giả tập sách với ngòi bút khoáng đạt và lịch lãm của mình đã hướng tới một cuốn sách mà ngày nay ta quen gọi là sách “Hướng dẫn du lịch” - rất chuyên nghiệp - và phục vụ mục tiêu “du lịch tâm linh”.\r\nQua thiên khảo cứu này của L. Cadière, bạn đọc có thể biết thêm những “sử liệu” sống động liên quan đến một trong những lăng tẩm lớn nhất, tiêu biểu nhất của xứ Huế: Lăng Gia Long, cũng như chúng ta có dịp được nghiệm sinh sâu sắc hơn trong “đời sống tâm linh”, thế giới bên kia của các đấng đế vương triều Nguyễn và những giá trị văn hóa nghệ thuật vật thể hay phi vật thể ở không gian đặc biệt này quanh Cố đô Huế.',1,'Tên Nhà Cung Cấp:	Công ty TNHH Quốc Tế Mai Hà\r\nTác giả:	Léopold Michel Cadière\r\nNgười Dịch:	Nguyễn Thúy Yên, Thu Uyên\r\nNXB:	Khoa Học Xã Hội\r\nNăm XB:	2022\r\nNgôn Ngữ:	Tiếng Việt\r\nTrọng lượng (gr):	550\r\nKích Thước Bao Bì:	24 x 16 x 1.5 cm\r\nSố trang:	130\r\nHình thức:	Bìa Cứng',100),(56,'Lặp Lại',148000,150000,1,'NXB Hồng Đức','\"Lặp Lại\"\r\nTác giả Soren Kierkegaard là triết gia vĩ đại người Đan Mạch. Ông được suy tôn là ông tổ của Chủ nghĩa Hiện sinh. Các tác phẩm tiêu biểu của ông được Phanbook phát hành:\r\n- Kính sợ và run rẩy (2019)\r\n- Lặp lại (2021)\r\nLặp lại được tác giả Soren Kierkegaard cho xuất bản đồng thời với Kính sợ và run rẩy vào ngày 16 tháng Mười năm 1843, dưới bút danh Constantin Constantius.\r\nDễ có cảm giác rằng, đây là một tác phẩm mang tính tự truyện nhằm giải thích lý do Kierkegaard hủy hôn với Regine Olsen - tình yêu lớn trong đời ông; người phụ nữ bình thường trở nên bất tử qua các tác phẩm triết học của ông.\r\nLặp lại thuộc trong số tám tác phẩm quan trọng, xuất sắc nhất của Kierkegaard, nhưng cũng là cuốn sách dễ đọc, cuốn hút nhất trong số đó.',1,'Tên Nhà Cung Cấp:	Phanbook\r\nTác giả:	Soren Kierkegaard\r\nNgười Dịch:	Nguyễn Nguyên Phước\r\nNXB:	NXB Hồng Đức\r\nNăm XB:	2021\r\nTrọng lượng (gr):	220\r\nKích Thước Bao Bì:	20.5 x 13 cm\r\nSố trang:	208\r\nHình thức:	Bìa Mềm',100),(57,'Hướng Dẫn Ôn Luyện Thi Vào Lớp 10 Năm 2019 Môn Lịch Sử',55000,60000,2,'NXB Đại học Quốc gia Hà Nội','\"Hướng Dẫn Ôn Luyện Thi Vào Lớp 10 Năm 2019 Môn Lịch Sử\"\r\nNội dung của mỗi cuốn sách được xây dựng bám sát chuẩn kiến thức, kĩ năng thuộc chương trình THCS hiện hành theo mức độ đánh giá năng lực học sinh và yêu cầu về phương án tổ chức kì thi vào lớp 10 năm 2019 của Bộ Giáo dục và Đào tạo. Kiến thức, đề thi ôn tập các môn Toán, Ngữ văn, Tiếng Anh, Lịch sử đảm bảo các cấp độ nhận thức: nhận biết, thông hiểu, vận dụng và vận dụng cao.',1,'Tác giả: Nguyễn Văn Ninh\r\nNhà xuất bản: Nxb Đại học Quốc gia Hà Nội\r\nNhà phát hành: Công Nghệ Giáo Dục VN\r\nKhối lượng: 220.00 gam\r\nNgôn ngữ: Tiếng Việt\r\nĐịnh dạng: Bìa mềm\r\nKích thước: 17 x 24 cm\r\nNgày phát hành: 03/2019\r\nSố trang: 144',100),(58,'Thống Kê Trong Kinh Tế Và Kinh Doanh - Statistics For Business And Economics',470000,480000,3,'NXB Kinh Tế Thành Phố Hồ Chí Minh','\"Thống Kê Trong Kinh Tế Và Kinh Doanh - Statistics For Business And Economics\"\r\nSách Thống kê trong Kinh Tế và Kinh Doanh cung cấp cho sinh viên, những người chủ yếu trong lĩnh vực quản trị kinh doanh và kinh tế, giới thiệu về lĩnh vực thống kê và nhiều ứng dụng của thống kê. Nội dung của cuốn sách là những ứng dụng được định hướng và được viết cho những người không chuyên về toán; và điều kiện tiên quyết về kiến thức toán học để đọc được sách này chỉ là kiến thức về đại số. Đây là một sự chuẩn bị tốt cho việc nghiên cứu các tài liệu thống kê cao cấp hơn.\r\nSG Trading xin giới thiệu quyển sách Thống Kê Ứng Dụng Trong Kinh Tế Và Kinh Doanh, quyển sách 889 trang này được dịch từ ấn phẩm Statistics For Business And Economics của nhà xuất bản nổi tiếng Cengage Learning, góp phần cho những bạn đọc được tiếp cận với những kiến thức thống kê được các trường đại học kinh doanh hàng đầu trên thế giới giảng dạy. Nhằm nâng cao kiến thức, tư duy nguồn nhân lực chất lượng cao trong lĩnh vực thống kê, phân tích dữ liệu trong kinh doanh.\r\nThống kê là một trong những lợi thế của doanh nghiệp nếu biết dùng chúng và phân tích đúng trong thời kì cách mạng công nghệ 4.0. Thống kê hiện nay đang là thách thức cho tất cả các doanh nghiệp khai thác thông tin từ hàng tỉ thông tin mỗi ngày. Doanh nghiệp nào nắm được phân tích thông tin từ thống kê, doanh nghiệp đó sẽ có nhiều lợi thế hơn hết trên thương trường.\r\nHiện nay doanh nghiệp Việt Nam đang bỏ qua nhiều cơ hội từ dữ liệu thống kê. Những khóa đào tạo khai thác dữ liệu thống kê, phân tích dữ liệu vẫn còn ít và chưa được quan tâm. Hi vọng quyển sách sẽ là nguồn tài liệu tự học quý giá cho bạn đọc.',1,'Tên Nhà Cung Cấp:	Cengage\r\nTác giả:	David Anderson, Dennis Sweney, Thomas Williams\r\nNgười Dịch:	Hoàng Trọng\r\nNXB:	Kinh Tế Thành Phố Hồ Chí Minh\r\nNăm XB:	2023\r\nTrọng lượng (gr):	1060\r\nKích Thước Bao Bì:	23.5 x 15.5 x 3.5 cm\r\nSố trang:	892\r\nHình thức:	Bìa Mềm',100),(59,'Tủ Sách Nobel Văn Chương Tao Đàn - Người Mẹ',180000,190000,4,'NXB Hội Nhà Văn','\"Tủ Sách Nobel Văn Chương Tao Đàn - Người Mẹ\"\r\nVỊ CHA XỨ trẻ tuổi được giáo dân kính trọng, sẽ phải làm gì khi một bên là người mẹ đã hy sinh tất cả chỉ mong con trai trở thành linh mục, còn bên kia là Agnese, cô gái mà anh say đắm? Mối tình cấm kỵ ấy đã đẩy anh vào thế lưỡng nan. Một mặt, anh trân quý những rung động của tình yêu. Mặt khác, anh bị giày vò trong niềm sợ hãi sẽ bị ô nhục và nỗi ăn năn vì trót phụ lòng đấng sinh thành. Người Mẹ - cuốn tiểu thuyết thành công nhất của Grazia Deledda là những giằng xé nội tâm của Paolo trong cuộc chiến dai dẳng giữa bổn phận và ái tình, đạo hiếu và nhục cảm. Trong suốt hành trình ấy, người mẹ đau khổ đã luôn ở bên anh, như tiếng gọi thức tỉnh của lương tri, ngõ hầu cứu rỗi vị linh mục trẻ khỏi những “tội lỗi trần gian”.',1,'Tên Nhà Cung Cấp:	Cty Sách Tao Đàn\r\nTác giả:	Grazia Deledda\r\nNgười Dịch:	Trần Thị Khánh Vân\r\nNXB:	Hội Nhà Văn\r\nNăm XB:	2023\r\nTrọng lượng (gr):	243\r\nKích Thước Bao Bì:	20.5 x 14 x 1.1 cm\r\nSố trang:	207\r\nHình thức:	Bìa Mềm',100),(60,'Kính Sợ Và Run Rẩy (Tái bản 2023)',167400,170000,5,'NXB Hồng Đức','\"Kính Sợ Và Run Rẩy (Tái bản 2023)\"\r\nKính sợ và Run rẩy là tác phẩm có nhiều ảnh hưởng nhất trong thần học và triết lý, văn chương của thế kỷ 19 và 20. Soren Kierkegaard đã bắt một cây cầu suy tưởng nối văn chương, thần học và triết học. Đây cũng là tác phẩm độc đáo, hay nhất và gây tranh cãi nhất của ông; gây kinh ngạc đối với độc giả phổ thông và cả giới nghiên cứu chuyên sâu.\r\n“Bản dịch này – có lẽ là lần đầu tiên của một tác phẩm quan trọng của Kierkegaard sang tiếng Việt – nhuần nhị, say mê không chỉ trong văn phong mà cả trong sự thâm cảm của dịch giả với tác phẩm, bất chấp bao ngăn cách” – Dịch giả Bùi Văn Nam Sơn.\r\nTác giả Soren Kierkegaard là triết gia vĩ đại người Đan Mạch; được xem là ông tổ của Chủ nghĩa Hiện sinh. Các tác phẩm tiêu biểu của ông: Kính sợ và Run rẩy (1843), Lặp lại (1843), Những mảnh vụn triết học (1844), Những chặng đường đời (1845)…',1,'Nhà xuất bản: NXB Hồng Đức\r\nNgày xuất bản: 15/07/2023\r\nNhà phát hành: PhanBook\r\nKích thước: 13.0 x 20.5 x 1.5 cm\r\nSố trang: 312 trang\r\nTrọng lượng: 500 gram',100),(61,'Vũ Trụ Qua Lăng Kính Số',169000,179000,6,'NXB Thế Giới','\"Vũ Trụ Qua Lăng Kính Số\"\r\nĐây là một cuốn sách đầy thông minh! Nhờ những hình ảnh minh họa đầy màu sắc và sinh động trong cuốn sách này mà những dãy số khổng lồ khô khan trở nên thật dễ hình dung và lý thú.\r\nThông qua cuốn sách này, các bạn nhỏ sẽ được tiếp cận với các loại biểu đồ cột, biểu đồ tròn, bảng biểu và hình họa. Khiến việc học tập và nghiên cứu số liệu trở nên hấp dẫn hơn. Đúng như cái tên của mình, “Vũ trụ qua lăng kính số” đem đến lượng tri thức đồ sộ trong mọi lĩnh vực, từ động vật, thực vật, vũ trụ cho tới thể thao, kinh tế, kiến trúc, ...Chỉ với cuốn sách tuyệt vời này, các bạn nhỏ sẽ học được biết bao điều kỳ diệu!',1,'Tác giả: Paul Rockett\r\nNgười dịch: Hà My\r\nNhà xuất bản: Nxb Thế giới\r\nNhà phát hành: Nhã Nam\r\nKhối lượng: 1000.00 gam\r\nNgôn ngữ: Tiếng Việt\r\nĐịnh dạng: Bìa cứng\r\nKích thước: 26 x 20.5 cm\r\nNgày phát hành: 2021\r\nSố trang: 112',100),(62,'Tào Tháo - Thánh Nhân Đê Tiện - Tập 3 (Tái Bản 2018)',199000,200000,7,'NXB Văn Học','\"Tào Tháo - Thánh Nhân Đê Tiện - Tập 3 (Tái Bản 2018)\"\r\nTào Tháo là nhân vật có tính cách phức tạp và nhiều hình tượng nhất trong lịch sử Trung Quốc. Vừa giảo hoạt gian trá, lại thẳng thắn chân thành; vừa khoan dung độ lượng, lại đa nghi khôn cùng; vừa hào sảng, lại hẹp hòi; khí phách anh hùng, tình cảm dạt dào; hành động tàn nhẫn, tâm địa Bồ Tát. Tào Tháo là một nghệ nhân Biến Diện tài tình, lúc thì mang gương mặt này, thoắt cái lật sang gương mặt khác. Có thể hợp nhất những tính cách phức tạp như vậy trong một con người, là điều vô cùng khó, vậy mà tất cả những thứ ấy đều hội tụ nơi ông. Dường như con người Tào Tháo là tổng hòa của mọi mâu thuẫn trên thế gian.\r\nVương Hiểu Lỗi, người Thiên Tân, được mệnh danh là “Thiên tài sử học” bí ẩn, chưa từng công khai lộ diện trước giới truyền thông Trung Quốc. Qua mười năm chuyên tâm nghiên cứu sử liệu, thuộc nằm lòng từng câu từng chữ trong sử tịch, lắp ghép xâu chuỗi từng chi tiết, từng sự kiện, nắm bắt một cách chính xác bốn đặc trưng nổi bật của Tào Tháo bao gồm mưu lược, đạo đức, tình cảm, tài hoa, cuối cùng đã viết nên bộ trường thiên tiểu thuyết đầy đủ nhất, sống động nhất, mới mẻ nhất về cuộc đời của Tào Tháo – Thánh nhân đê tiện.',1,'Tên Nhà Cung Cấp:	Alpha Books\r\nTác giả:	Vương Hiểu Lỗi\r\nNXB:	NXB Văn Học\r\nNăm XB:	2018\r\nTrọng lượng (gr):	710\r\nKích Thước Bao Bì:	14 x 20.5\r\nSố trang:	704\r\nHình thức:	Bìa Mềm',100),(63,'Bốn Ngọn Gió - The Four Winds',285000,295000,8,'NXB Văn Học','\"Bốn Ngọn Gió - The Four Winds\"\r\nCuốn tiểu thuyết tráng lệ về tình yêu, chủ nghĩa anh hùng và niềm hy vọng (Hơn 480,000 lượt bình chọn trên Goodreads).\r\nTrong cuộc Đại suy thoái năm 1934 đầy bất trắc và hiểm nguy, có hàng triệu mảnh đời đã rơi vào cảnh khốn cùng. Elsa Martinelli—giống như rất nhiều người hàng xóm của cô—phải đưa ra một lựa chọn đau đớn: chiến đấu cho vùng đất cô yêu hoặc đi về phía tây, tới California, để tìm kiếm một cuộc sống tốt đẹp hơn. BỐN NGỌN GIÓ là một bức chân dung không thể xóa nhòa về nước Mỹ và Giấc mơ Mỹ, được nhìn qua con mắt của một người phụ nữ bất khuất, người có lòng dũng cảm và sự hy sinh sẽ định hình nên một thế hệ.\r\nDù ở thời đại nào, lý tưởng, lòng dũng cảm và sự sẵn sàng cống hiến sẽ luôn là thứ quyền năng giúp chúng ta vượt qua mọi nghịch cảnh.',1,'Tên Nhà Cung Cấp:	Huy Hoang Bookstore\r\nTác giả:	Kristin Hannah\r\nNgười Dịch:	Lộc Diệu Linh\r\nNXB:	Văn học\r\nNăm XB:	2023\r\nTrọng lượng (gr):	713\r\nKích Thước Bao Bì:	20.5 x 13.5 x 3.2 cm\r\nSố trang:	704\r\nHình thức:	Bìa Mềm',100);
/*!40000 ALTER TABLE `book` ENABLE KEYS */;
UNLOCK TABLES;

--
-- Table structure for table `bookauthor`
--

DROP TABLE IF EXISTS `bookauthor`;
/*!40101 SET @saved_cs_client     = @@character_set_client */;
/*!50503 SET character_set_client = utf8mb4 */;
CREATE TABLE `bookauthor` (
  `id` int NOT NULL AUTO_INCREMENT,
  `book_id` int DEFAULT NULL,
  `author_id` int DEFAULT NULL,
  PRIMARY KEY (`id`),
  KEY `book_id` (`book_id`),
  KEY `author_id` (`author_id`),
  CONSTRAINT `bookauthor_ibfk_1` FOREIGN KEY (`book_id`) REFERENCES `book` (`id`),
  CONSTRAINT `bookauthor_ibfk_2` FOREIGN KEY (`author_id`) REFERENCES `author` (`id`)
) ENGINE=InnoDB AUTO_INCREMENT=74 DEFAULT CHARSET=utf8mb4 COLLATE=utf8mb4_0900_ai_ci;
/*!40101 SET character_set_client = @saved_cs_client */;

--
-- Dumping data for table `bookauthor`
--

LOCK TABLES `bookauthor` WRITE;
/*!40000 ALTER TABLE `bookauthor` DISABLE KEYS */;
INSERT INTO `bookauthor` VALUES (1,1,1),(2,2,1),(3,3,2),(4,4,3),(5,5,4),(6,6,5),(7,7,6),(8,8,7),(9,9,8),(10,10,9),(11,11,10),(12,12,11),(13,13,12),(14,14,13),(15,15,14),(16,15,15),(17,15,16),(18,16,17),(19,17,18),(20,18,19),(21,19,20),(22,20,21),(23,21,22),(24,22,23),(26,23,24),(27,24,25),(28,25,26),(29,26,27),(30,27,28),(31,27,29),(32,28,30),(33,29,31),(34,30,32),(35,31,33),(36,31,34),(37,32,35),(38,33,36),(39,34,37),(40,35,38),(41,36,39),(42,37,40),(43,38,41),(44,38,42),(45,39,43),(46,40,44),(47,41,45),(48,42,46),(49,43,47),(50,44,48),(51,45,49),(52,45,50),(53,46,51),(54,47,52),(55,48,53),(56,49,54),(57,50,55),(58,51,56),(59,52,57),(60,53,58),(61,53,59),(62,54,60),(63,55,61),(64,56,62),(65,57,13),(66,58,63),(67,58,64),(68,58,65),(69,59,66),(70,60,67),(71,61,68),(72,62,69),(73,63,70);
/*!40000 ALTER TABLE `bookauthor` ENABLE KEYS */;
UNLOCK TABLES;

--
-- Table structure for table `bookimage`
--

DROP TABLE IF EXISTS `bookimage`;
/*!40101 SET @saved_cs_client     = @@character_set_client */;
/*!50503 SET character_set_client = utf8mb4 */;
CREATE TABLE `bookimage` (
  `id` int NOT NULL AUTO_INCREMENT,
  `book_id` int DEFAULT NULL,
  `name` varchar(255) NOT NULL,
  `position` int NOT NULL,
  `path` varchar(255) NOT NULL,
  PRIMARY KEY (`id`),
  KEY `book_id` (`book_id`),
  CONSTRAINT `bookimage_ibfk_1` FOREIGN KEY (`book_id`) REFERENCES `book` (`id`)
) ENGINE=InnoDB AUTO_INCREMENT=253 DEFAULT CHARSET=utf8mb4 COLLATE=utf8mb4_0900_ai_ci;
/*!40101 SET character_set_client = @saved_cs_client */;

--
-- Dumping data for table `bookimage`
--

LOCK TABLES `bookimage` WRITE;
/*!40000 ALTER TABLE `bookimage` DISABLE KEYS */;
INSERT INTO `bookimage` VALUES (1,1,'1',1,'https://res.cloudinary.com/dylwewmt0/image/upload/v1694971592/PHOTO_LIST/Chinhtri_phapluat/001/1'),(2,1,'2',2,'https://res.cloudinary.com/dylwewmt0/image/upload/v1694971592/PHOTO_LIST/Chinhtri_phapluat/001/2'),(3,1,'3',3,'https://res.cloudinary.com/dylwewmt0/image/upload/v1694971592/PHOTO_LIST/Chinhtri_phapluat/001/3'),(4,1,'4',4,'https://res.cloudinary.com/dylwewmt0/image/upload/v1694971592/PHOTO_LIST/Chinhtri_phapluat/001/4'),(5,2,'1',1,'https://res.cloudinary.com/dylwewmt0/image/upload/v1694971592/PHOTO_LIST/Chinhtri_phapluat/002/1'),(6,2,'2',2,'https://res.cloudinary.com/dylwewmt0/image/upload/v1694971592/PHOTO_LIST/Chinhtri_phapluat/002/2'),(7,2,'3',3,'https://res.cloudinary.com/dylwewmt0/image/upload/v1694971592/PHOTO_LIST/Chinhtri_phapluat/002/3'),(8,2,'4',4,'https://res.cloudinary.com/dylwewmt0/image/upload/v1694971592/PHOTO_LIST/Chinhtri_phapluat/002/4'),(9,3,'1',1,'https://res.cloudinary.com/dylwewmt0/image/upload/v1694971592/PHOTO_LIST/Chinhtri_phapluat/003/1'),(10,3,'2',2,'https://res.cloudinary.com/dylwewmt0/image/upload/v1694971592/PHOTO_LIST/Chinhtri_phapluat/003/2'),(11,3,'3',3,'https://res.cloudinary.com/dylwewmt0/image/upload/v1694971592/PHOTO_LIST/Chinhtri_phapluat/003/3'),(12,3,'4',4,'https://res.cloudinary.com/dylwewmt0/image/upload/v1694971592/PHOTO_LIST/Chinhtri_phapluat/003/4'),(13,4,'1',1,'https://res.cloudinary.com/dylwewmt0/image/upload/v1694971592/PHOTO_LIST/Chinhtri_phapluat/004/1'),(14,4,'2',2,'https://res.cloudinary.com/dylwewmt0/image/upload/v1694971592/PHOTO_LIST/Chinhtri_phapluat/004/2'),(15,4,'3',3,'https://res.cloudinary.com/dylwewmt0/image/upload/v1694971592/PHOTO_LIST/Chinhtri_phapluat/004/3'),(16,4,'4',4,'https://res.cloudinary.com/dylwewmt0/image/upload/v1694971592/PHOTO_LIST/Chinhtri_phapluat/004/4'),(17,5,'1',1,'https://res.cloudinary.com/dylwewmt0/image/upload/v1694971592/PHOTO_LIST/Chinhtri_phapluat/005/1'),(18,5,'2',2,'https://res.cloudinary.com/dylwewmt0/image/upload/v1694971592/PHOTO_LIST/Chinhtri_phapluat/005/2'),(19,5,'3',3,'https://res.cloudinary.com/dylwewmt0/image/upload/v1694971592/PHOTO_LIST/Chinhtri_phapluat/005/3'),(20,5,'4',4,'https://res.cloudinary.com/dylwewmt0/image/upload/v1694971592/PHOTO_LIST/Chinhtri_phapluat/005/4'),(21,6,'1',1,'https://res.cloudinary.com/dylwewmt0/image/upload/v1694971592/PHOTO_LIST/Chinhtri_phapluat/006/1'),(22,6,'2',2,'https://res.cloudinary.com/dylwewmt0/image/upload/v1694971592/PHOTO_LIST/Chinhtri_phapluat/006/2'),(23,6,'3',3,'https://res.cloudinary.com/dylwewmt0/image/upload/v1694971592/PHOTO_LIST/Chinhtri_phapluat/006/3'),(24,6,'4',4,'https://res.cloudinary.com/dylwewmt0/image/upload/v1694971592/PHOTO_LIST/Chinhtri_phapluat/006/4'),(25,7,'1',1,'https://res.cloudinary.com/dylwewmt0/image/upload/v1694971592/PHOTO_LIST/Chinhtri_phapluat/007/1'),(26,7,'2',2,'https://res.cloudinary.com/dylwewmt0/image/upload/v1694971592/PHOTO_LIST/Chinhtri_phapluat/007/2'),(27,7,'3',3,'https://res.cloudinary.com/dylwewmt0/image/upload/v1694971592/PHOTO_LIST/Chinhtri_phapluat/007/3'),(28,7,'4',4,'https://res.cloudinary.com/dylwewmt0/image/upload/v1694971592/PHOTO_LIST/Chinhtri_phapluat/007/4'),(29,8,'1',1,'https://res.cloudinary.com/dylwewmt0/image/upload/v1694971592/PHOTO_LIST/Chinhtri_phapluat/008/1'),(30,8,'2',2,'https://res.cloudinary.com/dylwewmt0/image/upload/v1694971592/PHOTO_LIST/Chinhtri_phapluat/008/2'),(31,8,'3',3,'https://res.cloudinary.com/dylwewmt0/image/upload/v1694971592/PHOTO_LIST/Chinhtri_phapluat/008/3'),(32,8,'4',4,'https://res.cloudinary.com/dylwewmt0/image/upload/v1694971592/PHOTO_LIST/Chinhtri_phapluat/008/4'),(33,9,'1',1,'https://res.cloudinary.com/dylwewmt0/image/upload/v1694971592/PHOTO_LIST/Chinhtri_phapluat/009/1'),(34,9,'2',2,'https://res.cloudinary.com/dylwewmt0/image/upload/v1694971592/PHOTO_LIST/Chinhtri_phapluat/009/2'),(35,9,'3',3,'https://res.cloudinary.com/dylwewmt0/image/upload/v1694971592/PHOTO_LIST/Chinhtri_phapluat/009/3'),(36,9,'4',4,'https://res.cloudinary.com/dylwewmt0/image/upload/v1694971592/PHOTO_LIST/Chinhtri_phapluat/009/4'),(37,10,'1',1,'https://res.cloudinary.com/dylwewmt0/image/upload/v1694971592/PHOTO_LIST/Chinhtri_phapluat/010/1'),(38,10,'2',2,'https://res.cloudinary.com/dylwewmt0/image/upload/v1694971592/PHOTO_LIST/Chinhtri_phapluat/010/2'),(39,10,'3',3,'https://res.cloudinary.com/dylwewmt0/image/upload/v1694971592/PHOTO_LIST/Chinhtri_phapluat/010/3'),(40,10,'4',4,'https://res.cloudinary.com/dylwewmt0/image/upload/v1694971592/PHOTO_LIST/Chinhtri_phapluat/010/4'),(41,11,'1',1,'https://res.cloudinary.com/dylwewmt0/image/upload/v1695020353/PHOTO_LIST/Giao_trinh/001/1'),(42,11,'2',2,'https://res.cloudinary.com/dylwewmt0/image/upload/v1695020353/PHOTO_LIST/Giao_trinh/001/2'),(43,11,'3',3,'https://res.cloudinary.com/dylwewmt0/image/upload/v1695020353/PHOTO_LIST/Giao_trinh/001/3'),(44,11,'4',4,'https://res.cloudinary.com/dylwewmt0/image/upload/v1695020353/PHOTO_LIST/Giao_trinh/001/4'),(45,12,'1',1,'https://res.cloudinary.com/dylwewmt0/image/upload/v1695021586/PHOTO_LIST/Khoahoc_congnghe_kinhte/001/1'),(46,12,'2',2,'https://res.cloudinary.com/dylwewmt0/image/upload/v1695021586/PHOTO_LIST/Khoahoc_congnghe_kinhte/001/2'),(47,12,'3',3,'https://res.cloudinary.com/dylwewmt0/image/upload/v1695021586/PHOTO_LIST/Khoahoc_congnghe_kinhte/001/3'),(48,12,'4',4,'https://res.cloudinary.com/dylwewmt0/image/upload/v1695021586/PHOTO_LIST/Khoahoc_congnghe_kinhte/001/4'),(49,13,'1',1,'https://res.cloudinary.com/dylwewmt0/image/upload/v1695025933/PHOTO_LIST/Sach_truyen_tieuthuyet/001/1'),(50,13,'2',2,'https://res.cloudinary.com/dylwewmt0/image/upload/v1695025933/PHOTO_LIST/Sach_truyen_tieuthuyet/001/2'),(51,13,'3',3,'https://res.cloudinary.com/dylwewmt0/image/upload/v1695025933/PHOTO_LIST/Sach_truyen_tieuthuyet/001/3'),(52,13,'4',4,'https://res.cloudinary.com/dylwewmt0/image/upload/v1695025933/PHOTO_LIST/Sach_truyen_tieuthuyet/001/4'),(53,14,'1',1,'https://res.cloudinary.com/dosdzo1lg/image/upload/v1703502399/bookstoreTLCN/img_book/book_14/1.jpg'),(54,14,'2',2,'https://res.cloudinary.com/dosdzo1lg/image/upload/v1703502405/bookstoreTLCN/img_book/book_14/2.jpg'),(55,14,'3',3,'https://res.cloudinary.com/dosdzo1lg/image/upload/v1703502405/bookstoreTLCN/img_book/book_14/3.jpg'),(56,14,'4',4,'https://res.cloudinary.com/dosdzo1lg/image/upload/v1703502400/bookstoreTLCN/img_book/book_14/4.jpg'),(57,15,'1',1,'https://res.cloudinary.com/dosdzo1lg/image/upload/v1703506671/bookstoreTLCN/img_book/book_15/1.jpg'),(58,15,'2',2,'https://res.cloudinary.com/dosdzo1lg/image/upload/v1703506671/bookstoreTLCN/img_book/book_15/2.jpg'),(59,15,'3',3,'https://res.cloudinary.com/dosdzo1lg/image/upload/v1703506670/bookstoreTLCN/img_book/book_15/3.jpg'),(60,15,'4',4,'https://res.cloudinary.com/dosdzo1lg/image/upload/v1703506676/bookstoreTLCN/img_book/book_15/4.jpg'),(61,16,'1',1,'https://res.cloudinary.com/dosdzo1lg/image/upload/v1703506962/bookstoreTLCN/img_book/book_16/1.jpg'),(62,16,'2',2,'https://res.cloudinary.com/dosdzo1lg/image/upload/v1703506963/bookstoreTLCN/img_book/book_16/2.jpg'),(63,16,'3',3,'https://res.cloudinary.com/dosdzo1lg/image/upload/v1703506962/bookstoreTLCN/img_book/book_16/3.jpg'),(64,16,'4',4,'https://res.cloudinary.com/dosdzo1lg/image/upload/v1703506962/bookstoreTLCN/img_book/book_16/4.jpg'),(65,17,'1',1,'https://res.cloudinary.com/dosdzo1lg/image/upload/v1703507382/bookstoreTLCN/img_book/book_17/1.jpg'),(66,17,'2',2,'https://res.cloudinary.com/dosdzo1lg/image/upload/v1703507383/bookstoreTLCN/img_book/book_17/2.jpg'),(67,17,'3',3,'https://res.cloudinary.com/dosdzo1lg/image/upload/v1703507381/bookstoreTLCN/img_book/book_17/3.jpg'),(68,17,'4',4,'https://res.cloudinary.com/dosdzo1lg/image/upload/v1703507382/bookstoreTLCN/img_book/book_17/4.jpg'),(69,18,'1',1,'https://res.cloudinary.com/dosdzo1lg/image/upload/v1703507662/bookstoreTLCN/img_book/book_18/1.jpg'),(70,18,'2',2,'https://res.cloudinary.com/dosdzo1lg/image/upload/v1703507656/bookstoreTLCN/img_book/book_18/2.jpg'),(71,18,'3',3,'https://res.cloudinary.com/dosdzo1lg/image/upload/v1703507676/bookstoreTLCN/img_book/book_18/3.png'),(72,18,'4',4,'https://res.cloudinary.com/dosdzo1lg/image/upload/v1703507665/bookstoreTLCN/img_book/book_18/4.jpg'),(73,19,'1',1,'https://res.cloudinary.com/dosdzo1lg/image/upload/v1703507975/bookstoreTLCN/img_book/book_19/1.jpg'),(74,19,'2',2,'https://res.cloudinary.com/dosdzo1lg/image/upload/v1703507976/bookstoreTLCN/img_book/book_19/2.jpg'),(75,19,'3',3,'https://res.cloudinary.com/dosdzo1lg/image/upload/v1703507974/bookstoreTLCN/img_book/book_19/3.jpg'),(76,19,'4',4,'https://res.cloudinary.com/dosdzo1lg/image/upload/v1703507976/bookstoreTLCN/img_book/book_19/4.jpg'),(77,20,'1',1,'https://res.cloudinary.com/dosdzo1lg/image/upload/v1703508312/bookstoreTLCN/img_book/book_20/1.jpg'),(78,20,'2',2,'https://res.cloudinary.com/dosdzo1lg/image/upload/v1703508309/bookstoreTLCN/img_book/book_20/2.jpg'),(79,20,'3',3,'https://res.cloudinary.com/dosdzo1lg/image/upload/v1703508308/bookstoreTLCN/img_book/book_20/3.jpg'),(80,20,'4',4,'https://res.cloudinary.com/dosdzo1lg/image/upload/v1703508308/bookstoreTLCN/img_book/book_20/4.jpg'),(81,21,'1',1,'https://res.cloudinary.com/dosdzo1lg/image/upload/v1703508641/bookstoreTLCN/img_book/book_21/1.webp'),(82,21,'2',2,'https://res.cloudinary.com/dosdzo1lg/image/upload/v1703508641/bookstoreTLCN/img_book/book_21/2.webp'),(83,21,'3',3,'https://res.cloudinary.com/dosdzo1lg/image/upload/v1703508641/bookstoreTLCN/img_book/book_21/3.webp'),(84,21,'4',4,'https://res.cloudinary.com/dosdzo1lg/image/upload/v1703508641/bookstoreTLCN/img_book/book_21/4.webp'),(85,22,'1',1,'https://res.cloudinary.com/dosdzo1lg/image/upload/v1703508866/bookstoreTLCN/img_book/book_22/1.jpg'),(86,22,'2',2,'https://res.cloudinary.com/dosdzo1lg/image/upload/v1703508863/bookstoreTLCN/img_book/book_22/2.jpg'),(87,22,'3',3,'https://res.cloudinary.com/dosdzo1lg/image/upload/v1703508863/bookstoreTLCN/img_book/book_22/3.jpg'),(88,22,'4',4,'https://res.cloudinary.com/dosdzo1lg/image/upload/v1703508863/bookstoreTLCN/img_book/book_22/4.jpg'),(89,23,'1',1,'https://res.cloudinary.com/dosdzo1lg/image/upload/v1703509055/bookstoreTLCN/img_book/book_23/1.jpg'),(90,23,'2',2,'https://res.cloudinary.com/dosdzo1lg/image/upload/v1703509056/bookstoreTLCN/img_book/book_23/2.jpg'),(91,23,'3',3,'https://res.cloudinary.com/dosdzo1lg/image/upload/v1703509055/bookstoreTLCN/img_book/book_23/3.jpg'),(92,23,'4',4,'https://res.cloudinary.com/dosdzo1lg/image/upload/v1703509056/bookstoreTLCN/img_book/book_23/4.jpg'),(93,24,'1',1,'https://res.cloudinary.com/dosdzo1lg/image/upload/v1703509614/bookstoreTLCN/img_book/book_24/1.jpg'),(94,24,'2',2,'https://res.cloudinary.com/dosdzo1lg/image/upload/v1703509601/bookstoreTLCN/img_book/book_24/2.jpg'),(95,24,'3',3,'https://res.cloudinary.com/dosdzo1lg/image/upload/v1703509600/bookstoreTLCN/img_book/book_24/3.jpg'),(96,24,'4',4,'https://res.cloudinary.com/dosdzo1lg/image/upload/v1703509601/bookstoreTLCN/img_book/book_24/4.jpg'),(97,25,'1',1,'https://res.cloudinary.com/dosdzo1lg/image/upload/v1703510492/bookstoreTLCN/img_book/book_25/1.jpg'),(98,25,'2',2,'https://res.cloudinary.com/dosdzo1lg/image/upload/v1703510491/bookstoreTLCN/img_book/book_25/2.jpg'),(99,25,'3',3,'https://res.cloudinary.com/dosdzo1lg/image/upload/v1703510491/bookstoreTLCN/img_book/book_25/3.jpg'),(100,25,'4',4,'https://res.cloudinary.com/dosdzo1lg/image/upload/v1703510491/bookstoreTLCN/img_book/book_25/4.jpg'),(101,26,'1',1,'https://res.cloudinary.com/dosdzo1lg/image/upload/v1703510676/bookstoreTLCN/img_book/book_26/1.jpg'),(102,26,'2',2,'https://res.cloudinary.com/dosdzo1lg/image/upload/v1703510677/bookstoreTLCN/img_book/book_26/2.jpg'),(103,26,'3',3,'https://res.cloudinary.com/dosdzo1lg/image/upload/v1703510677/bookstoreTLCN/img_book/book_26/3.jpg'),(104,26,'4',4,'https://res.cloudinary.com/dosdzo1lg/image/upload/v1703510676/bookstoreTLCN/img_book/book_26/4.jpg'),(105,27,'1',1,'https://res.cloudinary.com/dosdzo1lg/image/upload/v1703510893/bookstoreTLCN/img_book/book_27/1.jpg'),(106,27,'2',2,'https://res.cloudinary.com/dosdzo1lg/image/upload/v1703510886/bookstoreTLCN/img_book/book_27/2.jpg'),(107,27,'3',3,'https://res.cloudinary.com/dosdzo1lg/image/upload/v1703510886/bookstoreTLCN/img_book/book_27/3.jpg'),(108,27,'4',4,'https://res.cloudinary.com/dosdzo1lg/image/upload/v1703510888/bookstoreTLCN/img_book/book_27/4.jpg'),(109,28,'1',1,'https://res.cloudinary.com/dosdzo1lg/image/upload/v1703511089/bookstoreTLCN/img_book/book_28/1.jpg'),(110,28,'2',2,'https://res.cloudinary.com/dosdzo1lg/image/upload/v1703511081/bookstoreTLCN/img_book/book_28/2.jpg'),(111,28,'3',3,'https://res.cloudinary.com/dosdzo1lg/image/upload/v1703511080/bookstoreTLCN/img_book/book_28/3.jpg'),(112,28,'4',4,'https://res.cloudinary.com/dosdzo1lg/image/upload/v1703511081/bookstoreTLCN/img_book/book_28/4.jpg'),(113,29,'1',1,'https://res.cloudinary.com/dosdzo1lg/image/upload/v1703511292/bookstoreTLCN/img_book/book_29/1.jpg'),(114,29,'2',2,'https://res.cloudinary.com/dosdzo1lg/image/upload/v1703511292/bookstoreTLCN/img_book/book_29/2.jpg'),(115,29,'3',3,'https://res.cloudinary.com/dosdzo1lg/image/upload/v1703511292/bookstoreTLCN/img_book/book_29/3.jpg'),(116,29,'4',4,'https://res.cloudinary.com/dosdzo1lg/image/upload/v1703511290/bookstoreTLCN/img_book/book_29/4.jpg'),(117,30,'1',1,'https://res.cloudinary.com/dosdzo1lg/image/upload/v1703511502/bookstoreTLCN/img_book/book_30/1.jpg'),(118,30,'2',2,'https://res.cloudinary.com/dosdzo1lg/image/upload/v1703511523/bookstoreTLCN/img_book/book_30/2.jpg'),(119,30,'3',3,'https://res.cloudinary.com/dosdzo1lg/image/upload/v1703511503/bookstoreTLCN/img_book/book_30/3.jpg'),(120,30,'4',4,'https://res.cloudinary.com/dosdzo1lg/image/upload/v1703511515/bookstoreTLCN/img_book/book_30/4.jpg'),(121,31,'1',1,'https://res.cloudinary.com/dosdzo1lg/image/upload/v1703511764/bookstoreTLCN/img_book/book_31/1.png'),(122,31,'2',2,'https://res.cloudinary.com/dosdzo1lg/image/upload/v1703511764/bookstoreTLCN/img_book/book_31/2.png'),(123,31,'3',3,'https://res.cloudinary.com/dosdzo1lg/image/upload/v1703511762/bookstoreTLCN/img_book/book_31/3.png'),(124,31,'4',4,'https://res.cloudinary.com/dosdzo1lg/image/upload/v1703511764/bookstoreTLCN/img_book/book_31/4.png'),(125,32,'1',1,'https://res.cloudinary.com/dosdzo1lg/image/upload/v1703511971/bookstoreTLCN/img_book/book_32/1.jpg'),(126,32,'2',2,'https://res.cloudinary.com/dosdzo1lg/image/upload/v1703511970/bookstoreTLCN/img_book/book_32/2.jpg'),(127,32,'3',3,'https://res.cloudinary.com/dosdzo1lg/image/upload/v1703511969/bookstoreTLCN/img_book/book_32/3.jpg'),(128,32,'4',4,'https://res.cloudinary.com/dosdzo1lg/image/upload/v1703511968/bookstoreTLCN/img_book/book_32/4.jpg'),(129,33,'1',1,'https://res.cloudinary.com/dosdzo1lg/image/upload/v1703512226/bookstoreTLCN/img_book/book_33/1.jpg'),(130,33,'2',2,'https://res.cloudinary.com/dosdzo1lg/image/upload/v1703512226/bookstoreTLCN/img_book/book_33/2.jpg'),(131,33,'3',3,'https://res.cloudinary.com/dosdzo1lg/image/upload/v1703512226/bookstoreTLCN/img_book/book_33/3.jpg'),(132,33,'4',4,'https://res.cloudinary.com/dosdzo1lg/image/upload/v1703512224/bookstoreTLCN/img_book/book_33/4.jpg'),(133,34,'1',1,'https://res.cloudinary.com/dosdzo1lg/image/upload/v1703512480/bookstoreTLCN/img_book/book_34/1.jpg'),(134,34,'2',2,'https://res.cloudinary.com/dosdzo1lg/image/upload/v1703512481/bookstoreTLCN/img_book/book_34/2.jpg'),(135,34,'3',3,'https://res.cloudinary.com/dosdzo1lg/image/upload/v1703512480/bookstoreTLCN/img_book/book_34/3.jpg'),(136,34,'4',4,'https://res.cloudinary.com/dosdzo1lg/image/upload/v1703512480/bookstoreTLCN/img_book/book_34/4.jpg'),(137,35,'1',1,'https://res.cloudinary.com/dosdzo1lg/image/upload/v1703512699/bookstoreTLCN/img_book/book_35/1.jpg'),(138,35,'2',2,'https://res.cloudinary.com/dosdzo1lg/image/upload/v1703512698/bookstoreTLCN/img_book/book_35/2.jpg'),(139,35,'3',3,'https://res.cloudinary.com/dosdzo1lg/image/upload/v1703512695/bookstoreTLCN/img_book/book_35/3.jpg'),(140,35,'4',4,'https://res.cloudinary.com/dosdzo1lg/image/upload/v1703512697/bookstoreTLCN/img_book/book_35/4.jpg'),(141,36,'1',1,'https://res.cloudinary.com/dosdzo1lg/image/upload/v1703512951/bookstoreTLCN/img_book/book_36/1.jpg'),(142,36,'2',2,'https://res.cloudinary.com/dosdzo1lg/image/upload/v1703512950/bookstoreTLCN/img_book/book_36/2.jpg'),(143,36,'3',3,'https://res.cloudinary.com/dosdzo1lg/image/upload/v1703512950/bookstoreTLCN/img_book/book_36/3.jpg'),(144,36,'4',4,'https://res.cloudinary.com/dosdzo1lg/image/upload/v1703512951/bookstoreTLCN/img_book/book_36/4.jpg'),(145,37,'1',1,'https://res.cloudinary.com/dosdzo1lg/image/upload/v1703513201/bookstoreTLCN/img_book/book_37/1.jpg'),(146,37,'2',2,'https://res.cloudinary.com/dosdzo1lg/image/upload/v1703513200/bookstoreTLCN/img_book/book_37/2.jpg'),(147,37,'3',3,'https://res.cloudinary.com/dosdzo1lg/image/upload/v1703513201/bookstoreTLCN/img_book/book_37/3.jpg'),(148,37,'4',4,'https://res.cloudinary.com/dosdzo1lg/image/upload/v1703513200/bookstoreTLCN/img_book/book_37/4.jpg'),(149,38,'1',1,'https://res.cloudinary.com/dosdzo1lg/image/upload/v1703513521/bookstoreTLCN/img_book/book_38/1.jpg'),(150,38,'2',2,'https://res.cloudinary.com/dosdzo1lg/image/upload/v1703513524/bookstoreTLCN/img_book/book_38/2.jpg'),(151,38,'3',3,'https://res.cloudinary.com/dosdzo1lg/image/upload/v1703513524/bookstoreTLCN/img_book/book_38/3.jpg'),(152,38,'4',4,'https://res.cloudinary.com/dosdzo1lg/image/upload/v1703513523/bookstoreTLCN/img_book/book_38/4.jpg'),(153,39,'1',1,'https://res.cloudinary.com/dosdzo1lg/image/upload/v1703513760/bookstoreTLCN/img_book/book_39/1.jpg'),(154,39,'2',2,'https://res.cloudinary.com/dosdzo1lg/image/upload/v1703513761/bookstoreTLCN/img_book/book_39/2.jpg'),(155,39,'3',3,'https://res.cloudinary.com/dosdzo1lg/image/upload/v1703513761/bookstoreTLCN/img_book/book_39/3.jpg'),(156,39,'4',4,'https://res.cloudinary.com/dosdzo1lg/image/upload/v1703513760/bookstoreTLCN/img_book/book_39/4.jpg'),(157,40,'1',1,'https://res.cloudinary.com/dosdzo1lg/image/upload/v1703513937/bookstoreTLCN/img_book/book_40/1.jpg'),(158,40,'2',2,'https://res.cloudinary.com/dosdzo1lg/image/upload/v1703513936/bookstoreTLCN/img_book/book_40/2.jpg'),(159,40,'3',3,'https://res.cloudinary.com/dosdzo1lg/image/upload/v1703513941/bookstoreTLCN/img_book/book_40/3.jpg'),(160,40,'4',4,'https://res.cloudinary.com/dosdzo1lg/image/upload/v1703513940/bookstoreTLCN/img_book/book_40/4.jpg'),(161,41,'1',1,'https://res.cloudinary.com/dosdzo1lg/image/upload/v1703514163/bookstoreTLCN/img_book/book_41/1.jpg'),(162,41,'2',2,'https://res.cloudinary.com/dosdzo1lg/image/upload/v1703514162/bookstoreTLCN/img_book/book_41/2.jpg'),(163,41,'3',3,'https://res.cloudinary.com/dosdzo1lg/image/upload/v1703514162/bookstoreTLCN/img_book/book_41/3.jpg'),(164,41,'4',4,'https://res.cloudinary.com/dosdzo1lg/image/upload/v1703514163/bookstoreTLCN/img_book/book_41/4.jpg'),(165,42,'1',1,'https://res.cloudinary.com/dosdzo1lg/image/upload/v1703514368/bookstoreTLCN/img_book/book_42/1.jpg'),(166,42,'2',2,'https://res.cloudinary.com/dosdzo1lg/image/upload/v1703514368/bookstoreTLCN/img_book/book_42/2.jpg'),(167,42,'3',3,'https://res.cloudinary.com/dosdzo1lg/image/upload/v1703514369/bookstoreTLCN/img_book/book_42/3.jpg'),(168,42,'4',4,'https://res.cloudinary.com/dosdzo1lg/image/upload/v1703514369/bookstoreTLCN/img_book/book_42/4.jpg'),(169,43,'1',1,'https://res.cloudinary.com/dosdzo1lg/image/upload/v1703514583/bookstoreTLCN/img_book/book_43/1.jpg'),(170,43,'2',2,'https://res.cloudinary.com/dosdzo1lg/image/upload/v1703514584/bookstoreTLCN/img_book/book_43/2.jpg'),(171,43,'3',3,'https://res.cloudinary.com/dosdzo1lg/image/upload/v1703514584/bookstoreTLCN/img_book/book_43/3.jpg'),(172,43,'4',4,'https://res.cloudinary.com/dosdzo1lg/image/upload/v1703514583/bookstoreTLCN/img_book/book_43/4.jpg'),(173,44,'1',1,'https://res.cloudinary.com/dosdzo1lg/image/upload/v1703514760/bookstoreTLCN/img_book/book_44/1.jpg'),(174,44,'2',2,'https://res.cloudinary.com/dosdzo1lg/image/upload/v1703514760/bookstoreTLCN/img_book/book_44/2.jpg'),(175,44,'3',3,'https://res.cloudinary.com/dosdzo1lg/image/upload/v1703514760/bookstoreTLCN/img_book/book_44/3.jpg'),(176,44,'4',4,'https://res.cloudinary.com/dosdzo1lg/image/upload/v1703514760/bookstoreTLCN/img_book/book_44/4.jpg'),(177,45,'1',1,'https://res.cloudinary.com/dosdzo1lg/image/upload/v1703515002/bookstoreTLCN/img_book/book_45/1.jpg'),(178,45,'2',2,'https://res.cloudinary.com/dosdzo1lg/image/upload/v1703515004/bookstoreTLCN/img_book/book_45/2.jpg'),(179,45,'3',3,'https://res.cloudinary.com/dosdzo1lg/image/upload/v1703515002/bookstoreTLCN/img_book/book_45/3.jpg'),(180,45,'4',4,'https://res.cloudinary.com/dosdzo1lg/image/upload/v1703515002/bookstoreTLCN/img_book/book_45/4.jpg'),(181,46,'1',1,'https://res.cloudinary.com/dosdzo1lg/image/upload/v1703515787/bookstoreTLCN/img_book/book_46/1.jpg'),(182,46,'2',2,'https://res.cloudinary.com/dosdzo1lg/image/upload/v1703515791/bookstoreTLCN/img_book/book_46/2.jpg'),(183,46,'3',3,'https://res.cloudinary.com/dosdzo1lg/image/upload/v1703515788/bookstoreTLCN/img_book/book_46/3.jpg'),(184,46,'4',4,'https://res.cloudinary.com/dosdzo1lg/image/upload/v1703515792/bookstoreTLCN/img_book/book_46/4.jpg'),(185,47,'1',1,'https://res.cloudinary.com/dosdzo1lg/image/upload/v1703515992/bookstoreTLCN/img_book/book_47/1.jpg'),(186,47,'2',2,'https://res.cloudinary.com/dosdzo1lg/image/upload/v1703515992/bookstoreTLCN/img_book/book_47/2.jpg'),(187,47,'3',3,'https://res.cloudinary.com/dosdzo1lg/image/upload/v1703515992/bookstoreTLCN/img_book/book_47/3.jpg'),(188,47,'4',4,'https://res.cloudinary.com/dosdzo1lg/image/upload/v1703515992/bookstoreTLCN/img_book/book_47/4.jpg'),(189,48,'1',1,'https://res.cloudinary.com/dosdzo1lg/image/upload/v1703516186/bookstoreTLCN/img_book/book_48/1.webp'),(190,48,'2',2,'https://res.cloudinary.com/dosdzo1lg/image/upload/v1703516186/bookstoreTLCN/img_book/book_48/2.jpg'),(191,48,'3',3,'https://res.cloudinary.com/dosdzo1lg/image/upload/v1703516186/bookstoreTLCN/img_book/book_48/3.png'),(192,48,'4',4,'https://res.cloudinary.com/dosdzo1lg/image/upload/v1703516186/bookstoreTLCN/img_book/book_48/4.jpg'),(193,49,'1',1,'https://res.cloudinary.com/dosdzo1lg/image/upload/v1703516377/bookstoreTLCN/img_book/book_49/1.jpg'),(194,49,'2',2,'https://res.cloudinary.com/dosdzo1lg/image/upload/v1703516376/bookstoreTLCN/img_book/book_49/2.jpg'),(195,49,'3',3,'https://res.cloudinary.com/dosdzo1lg/image/upload/v1703516376/bookstoreTLCN/img_book/book_49/3.jpg'),(196,49,'4',4,'https://res.cloudinary.com/dosdzo1lg/image/upload/v1703516375/bookstoreTLCN/img_book/book_49/4.jpg'),(197,50,'1',1,'https://res.cloudinary.com/dosdzo1lg/image/upload/v1703516577/bookstoreTLCN/img_book/book_50/1.jpg'),(198,50,'2',2,'https://res.cloudinary.com/dosdzo1lg/image/upload/v1703516583/bookstoreTLCN/img_book/book_50/2.jpg'),(199,50,'3',3,'https://res.cloudinary.com/dosdzo1lg/image/upload/v1703516581/bookstoreTLCN/img_book/book_50/3.jpg'),(200,50,'4',4,'https://res.cloudinary.com/dosdzo1lg/image/upload/v1703516580/bookstoreTLCN/img_book/book_50/4.jpg'),(201,51,'1',1,'https://res.cloudinary.com/dosdzo1lg/image/upload/v1703516846/bookstoreTLCN/img_book/book_51/1.png'),(202,51,'2',2,'https://res.cloudinary.com/dosdzo1lg/image/upload/v1703516827/bookstoreTLCN/img_book/book_51/2.jpg'),(203,51,'3',3,'https://res.cloudinary.com/dosdzo1lg/image/upload/v1703516825/bookstoreTLCN/img_book/book_51/3.jpg'),(204,51,'4',4,'https://res.cloudinary.com/dosdzo1lg/image/upload/v1703516825/bookstoreTLCN/img_book/book_51/4.jpg'),(205,52,'1',1,'https://res.cloudinary.com/dosdzo1lg/image/upload/v1703517091/bookstoreTLCN/img_book/book_52/1.jpg'),(206,52,'2',2,'https://res.cloudinary.com/dosdzo1lg/image/upload/v1703517092/bookstoreTLCN/img_book/book_52/2.jpg'),(207,52,'3',3,'https://res.cloudinary.com/dosdzo1lg/image/upload/v1703517091/bookstoreTLCN/img_book/book_52/3.jpg'),(208,52,'4',4,'https://res.cloudinary.com/dosdzo1lg/image/upload/v1703517091/bookstoreTLCN/img_book/book_52/4.jpg'),(209,53,'1',1,'https://res.cloudinary.com/dosdzo1lg/image/upload/v1703517312/bookstoreTLCN/img_book/book_53/1.jpg'),(210,53,'2',2,'https://res.cloudinary.com/dosdzo1lg/image/upload/v1703517315/bookstoreTLCN/img_book/book_53/2.jpg'),(211,53,'3',3,'https://res.cloudinary.com/dosdzo1lg/image/upload/v1703517313/bookstoreTLCN/img_book/book_53/3.jpg'),(212,53,'4',4,'https://res.cloudinary.com/dosdzo1lg/image/upload/v1703517314/bookstoreTLCN/img_book/book_53/4.jpg'),(213,54,'1',1,'https://res.cloudinary.com/dosdzo1lg/image/upload/v1703517521/bookstoreTLCN/img_book/book_54/1.png'),(214,54,'2',2,'https://res.cloudinary.com/dosdzo1lg/image/upload/v1703517516/bookstoreTLCN/img_book/book_54/2.png'),(215,54,'3',3,'https://res.cloudinary.com/dosdzo1lg/image/upload/v1703517515/bookstoreTLCN/img_book/book_54/3.png'),(216,54,'4',4,'https://res.cloudinary.com/dosdzo1lg/image/upload/v1703517516/bookstoreTLCN/img_book/book_54/4.png'),(217,55,'1',1,'https://res.cloudinary.com/dosdzo1lg/image/upload/v1703517706/bookstoreTLCN/img_book/book_55/1.jpg'),(218,55,'2',2,'https://res.cloudinary.com/dosdzo1lg/image/upload/v1703517706/bookstoreTLCN/img_book/book_55/2.jpg'),(219,55,'3',3,'https://res.cloudinary.com/dosdzo1lg/image/upload/v1703517706/bookstoreTLCN/img_book/book_55/3.jpg'),(220,55,'4',4,'https://res.cloudinary.com/dosdzo1lg/image/upload/v1703517706/bookstoreTLCN/img_book/book_55/4.jpg'),(221,56,'1',1,'https://res.cloudinary.com/dosdzo1lg/image/upload/v1703517961/bookstoreTLCN/img_book/book_56/1.jpg'),(222,56,'2',2,'https://res.cloudinary.com/dosdzo1lg/image/upload/v1703517961/bookstoreTLCN/img_book/book_56/2.jpg'),(223,56,'3',3,'https://res.cloudinary.com/dosdzo1lg/image/upload/v1703517962/bookstoreTLCN/img_book/book_56/3.jpg'),(224,56,'4',4,'https://res.cloudinary.com/dosdzo1lg/image/upload/v1703517960/bookstoreTLCN/img_book/book_56/4.jpg'),(225,57,'1',1,'https://res.cloudinary.com/dosdzo1lg/image/upload/v1703518133/bookstoreTLCN/img_book/book_57/1.jpg'),(226,57,'2',2,'https://res.cloudinary.com/dosdzo1lg/image/upload/v1703518142/bookstoreTLCN/img_book/book_57/2.jpg'),(227,57,'3',3,'https://res.cloudinary.com/dosdzo1lg/image/upload/v1703518144/bookstoreTLCN/img_book/book_57/3.jpg'),(228,57,'4',4,'https://res.cloudinary.com/dosdzo1lg/image/upload/v1703518136/bookstoreTLCN/img_book/book_57/4.jpg'),(229,58,'1',1,'https://res.cloudinary.com/dosdzo1lg/image/upload/v1703518373/bookstoreTLCN/img_book/book_58/1.jpg'),(230,58,'2',2,'https://res.cloudinary.com/dosdzo1lg/image/upload/v1703518373/bookstoreTLCN/img_book/book_58/2.jpg'),(231,58,'3',3,'https://res.cloudinary.com/dosdzo1lg/image/upload/v1703518374/bookstoreTLCN/img_book/book_58/3.jpg'),(232,58,'4',4,'https://res.cloudinary.com/dosdzo1lg/image/upload/v1703518374/bookstoreTLCN/img_book/book_58/4.jpg'),(233,59,'1',1,'https://res.cloudinary.com/dosdzo1lg/image/upload/v1703518601/bookstoreTLCN/img_book/book_59/1.jpg'),(234,59,'2',2,'https://res.cloudinary.com/dosdzo1lg/image/upload/v1703518604/bookstoreTLCN/img_book/book_59/2.jpg'),(235,59,'3',3,'https://res.cloudinary.com/dosdzo1lg/image/upload/v1703518599/bookstoreTLCN/img_book/book_59/3.jpg'),(236,59,'4',4,'https://res.cloudinary.com/dosdzo1lg/image/upload/v1703518606/bookstoreTLCN/img_book/book_59/4.jpg'),(237,60,'1',1,'https://res.cloudinary.com/dosdzo1lg/image/upload/v1703518799/bookstoreTLCN/img_book/book_60/1.jpg'),(238,60,'2',2,'https://res.cloudinary.com/dosdzo1lg/image/upload/v1703518798/bookstoreTLCN/img_book/book_60/2.jpg'),(239,60,'3',3,'https://res.cloudinary.com/dosdzo1lg/image/upload/v1703518797/bookstoreTLCN/img_book/book_60/3.jpg'),(240,60,'4',4,'https://res.cloudinary.com/dosdzo1lg/image/upload/v1703518798/bookstoreTLCN/img_book/book_60/4.jpg'),(241,61,'1',1,'https://res.cloudinary.com/dosdzo1lg/image/upload/v1703519013/bookstoreTLCN/img_book/book_61/1.jpg'),(242,61,'2',2,'https://res.cloudinary.com/dosdzo1lg/image/upload/v1703519015/bookstoreTLCN/img_book/book_61/2.jpg'),(243,61,'3',3,'https://res.cloudinary.com/dosdzo1lg/image/upload/v1703519013/bookstoreTLCN/img_book/book_61/3.jpg'),(244,61,'4',4,'https://res.cloudinary.com/dosdzo1lg/image/upload/v1703519012/bookstoreTLCN/img_book/book_61/4.jpg'),(245,62,'1',1,'https://res.cloudinary.com/dosdzo1lg/image/upload/v1703519292/bookstoreTLCN/img_book/book_62/1.jpg'),(246,62,'2',2,'https://res.cloudinary.com/dosdzo1lg/image/upload/v1703519292/bookstoreTLCN/img_book/book_62/2.jpg'),(247,62,'3',3,'https://res.cloudinary.com/dosdzo1lg/image/upload/v1703519293/bookstoreTLCN/img_book/book_62/3.jpg'),(248,62,'4',4,'https://res.cloudinary.com/dosdzo1lg/image/upload/v1703519294/bookstoreTLCN/img_book/book_62/4.jpg'),(249,63,'1',1,'https://res.cloudinary.com/dosdzo1lg/image/upload/v1703519505/bookstoreTLCN/img_book/book_63/1.jpg'),(250,63,'2',2,'https://res.cloudinary.com/dosdzo1lg/image/upload/v1703519504/bookstoreTLCN/img_book/book_63/2.jpg'),(251,63,'3',3,'https://res.cloudinary.com/dosdzo1lg/image/upload/v1703519504/bookstoreTLCN/img_book/book_63/3.jpg'),(252,63,'4',4,'https://res.cloudinary.com/dosdzo1lg/image/upload/v1703519505/bookstoreTLCN/img_book/book_63/4.jpg');
/*!40000 ALTER TABLE `bookimage` ENABLE KEYS */;
UNLOCK TABLES;

--
-- Table structure for table `cart`
--

DROP TABLE IF EXISTS `cart`;
/*!40101 SET @saved_cs_client     = @@character_set_client */;
/*!50503 SET character_set_client = utf8mb4 */;
CREATE TABLE `cart` (
  `id` int NOT NULL AUTO_INCREMENT,
  `account_id` int DEFAULT NULL,
  PRIMARY KEY (`id`),
  KEY `account_id` (`account_id`),
  CONSTRAINT `cart_ibfk_1` FOREIGN KEY (`account_id`) REFERENCES `account` (`id`)
) ENGINE=InnoDB AUTO_INCREMENT=3 DEFAULT CHARSET=utf8mb4 COLLATE=utf8mb4_0900_ai_ci;
/*!40101 SET character_set_client = @saved_cs_client */;

--
-- Dumping data for table `cart`
--

LOCK TABLES `cart` WRITE;
/*!40000 ALTER TABLE `cart` DISABLE KEYS */;
INSERT INTO `cart` VALUES (1,3),(2,4);
/*!40000 ALTER TABLE `cart` ENABLE KEYS */;
UNLOCK TABLES;

--
-- Table structure for table `cartitem`
--

DROP TABLE IF EXISTS `cartitem`;
/*!40101 SET @saved_cs_client     = @@character_set_client */;
/*!50503 SET character_set_client = utf8mb4 */;
CREATE TABLE `cartitem` (
  `id` int NOT NULL AUTO_INCREMENT,
  `quantity` int NOT NULL,
  `cart_id` int DEFAULT NULL,
  `book_id` int DEFAULT NULL,
  PRIMARY KEY (`id`),
  KEY `cart_id` (`cart_id`),
  KEY `book_id` (`book_id`),
  CONSTRAINT `cartitem_ibfk_1` FOREIGN KEY (`cart_id`) REFERENCES `cart` (`id`),
  CONSTRAINT `cartitem_ibfk_2` FOREIGN KEY (`book_id`) REFERENCES `book` (`id`)
) ENGINE=InnoDB AUTO_INCREMENT=6 DEFAULT CHARSET=utf8mb4 COLLATE=utf8mb4_0900_ai_ci;
/*!40101 SET character_set_client = @saved_cs_client */;

--
-- Dumping data for table `cartitem`
--

LOCK TABLES `cartitem` WRITE;
/*!40000 ALTER TABLE `cartitem` DISABLE KEYS */;
INSERT INTO `cartitem` VALUES (1,2,1,1),(2,2,1,2),(3,2,1,3),(4,2,1,4),(5,2,1,5);
/*!40000 ALTER TABLE `cartitem` ENABLE KEYS */;
UNLOCK TABLES;

--
-- Table structure for table `category`
--

DROP TABLE IF EXISTS `category`;
/*!40101 SET @saved_cs_client     = @@character_set_client */;
/*!50503 SET character_set_client = utf8mb4 */;
CREATE TABLE `category` (
  `id` int NOT NULL AUTO_INCREMENT,
  `name` varchar(255) NOT NULL,
  `status` int NOT NULL,
  PRIMARY KEY (`id`)
) ENGINE=InnoDB AUTO_INCREMENT=9 DEFAULT CHARSET=utf8mb4 COLLATE=utf8mb4_0900_ai_ci;
/*!40101 SET character_set_client = @saved_cs_client */;

--
-- Dumping data for table `category`
--

LOCK TABLES `category` WRITE;
/*!40000 ALTER TABLE `category` DISABLE KEYS */;
INSERT INTO `category` VALUES (1,'CHÍNH TRỊ - PHÁP LUẬT',1),(2,'GIÁO TRÌNH',1),(3,'KHOA HỌC CÔNG NGHỆ - KINH TẾ',1),(4,'TRUYỆN, TIỂU THUYẾT',1),(5,'TÂM LÝ, TÂM LINH, TÔN GIÁO',1),(6,'THIẾU NHI',1),(7,'VĂN HỌC NGHỆ THUẬT',1),(8,'VĂN HÓA XÃ HỘI - LỊCH SỬ',1);
/*!40000 ALTER TABLE `category` ENABLE KEYS */;
UNLOCK TABLES;

--
-- Table structure for table `order`
--

DROP TABLE IF EXISTS `order`;
/*!40101 SET @saved_cs_client     = @@character_set_client */;
/*!50503 SET character_set_client = utf8mb4 */;
CREATE TABLE `order` (
  `id` int NOT NULL AUTO_INCREMENT,
  `date_order` date NOT NULL,
  `total_price` double NOT NULL,
  `name` varchar(255) NOT NULL,
  `address` varchar(255) NOT NULL,
  `phone_number` varchar(20) NOT NULL,
  `email` char(255) NOT NULL,
  `account_id` int DEFAULT NULL,
  `status` int NOT NULL,
  PRIMARY KEY (`id`),
  KEY `account_id` (`account_id`),
  CONSTRAINT `order_ibfk_1` FOREIGN KEY (`account_id`) REFERENCES `account` (`id`)
) ENGINE=InnoDB DEFAULT CHARSET=utf8mb4 COLLATE=utf8mb4_0900_ai_ci;
/*!40101 SET character_set_client = @saved_cs_client */;

--
-- Dumping data for table `order`
--

LOCK TABLES `order` WRITE;
/*!40000 ALTER TABLE `order` DISABLE KEYS */;
/*!40000 ALTER TABLE `order` ENABLE KEYS */;
UNLOCK TABLES;

--
-- Table structure for table `orderitem`
--

DROP TABLE IF EXISTS `orderitem`;
/*!40101 SET @saved_cs_client     = @@character_set_client */;
/*!50503 SET character_set_client = utf8mb4 */;
CREATE TABLE `orderitem` (
  `id` int NOT NULL AUTO_INCREMENT,
  `quantity` int NOT NULL,
  `price` double NOT NULL,
  `book_id` int DEFAULT NULL,
  `order_id` int DEFAULT NULL,
  PRIMARY KEY (`id`),
  KEY `book_id` (`book_id`),
  KEY `order_id` (`order_id`),
  CONSTRAINT `orderitem_ibfk_1` FOREIGN KEY (`book_id`) REFERENCES `book` (`id`),
  CONSTRAINT `orderitem_ibfk_2` FOREIGN KEY (`order_id`) REFERENCES `order` (`id`)
) ENGINE=InnoDB DEFAULT CHARSET=utf8mb4 COLLATE=utf8mb4_0900_ai_ci;
/*!40101 SET character_set_client = @saved_cs_client */;

--
-- Dumping data for table `orderitem`
--

LOCK TABLES `orderitem` WRITE;
/*!40000 ALTER TABLE `orderitem` DISABLE KEYS */;
/*!40000 ALTER TABLE `orderitem` ENABLE KEYS */;
UNLOCK TABLES;
/*!40103 SET TIME_ZONE=@OLD_TIME_ZONE */;

/*!40101 SET SQL_MODE=@OLD_SQL_MODE */;
/*!40014 SET FOREIGN_KEY_CHECKS=@OLD_FOREIGN_KEY_CHECKS */;
/*!40014 SET UNIQUE_CHECKS=@OLD_UNIQUE_CHECKS */;
/*!40101 SET CHARACTER_SET_CLIENT=@OLD_CHARACTER_SET_CLIENT */;
/*!40101 SET CHARACTER_SET_RESULTS=@OLD_CHARACTER_SET_RESULTS */;
/*!40101 SET COLLATION_CONNECTION=@OLD_COLLATION_CONNECTION */;
/*!40111 SET SQL_NOTES=@OLD_SQL_NOTES */;

-- Dump completed on 2023-12-29  9:16:13
